ticket_id,merchant_id,opened_at,channel,subject,body,status,txn_ref
TK-100001,MER-0018,2026-03-25 15:22:00,email,Payment declined repeatedly,"A customer tried to pay 73.11 and got an error on the checkout page, but they are telling me their wallet was debited. Transaction ref is PN100083325. Please reverse or confirm.",pending_merchant,PN100083325
TK-100002,MER-0035,2026-04-01 16:31:00,email,Where is our payout for 01 Apr?,"Hie, kindly confirm status of our settlement. Amount expected is around 3.38. Ref PN100131736.",open,PN100131736
TK-100003,MER-0012,2026-03-17 18:02:00,email,Customer payment failed but was debited,We are seeing a lot of declines this afternoon on mobile money. Ref PN100047950 is one example. Is there a problem on the rail side or is it us?,resolved,PN100047950
TK-100004,MER-0024,2026-03-01 18:39:00,email,Transaction PN100036187 failed on checkout,Customer says payment went through on their phone but our dashboard shows failed. PN100036187. They are in the shop now and refusing to pay again.,resolved,PN100036187
TK-100005,MER-0013,2026-04-28 11:14:00,whatsapp,Customer double charged,"We need to refund 17.24 on PN100151962, the goods were returned. What is the process and how long does it take to reflect?",closed,PN100151962
TK-100006,MER-0052,2026-04-30 15:52:00,portal,Where is our payout for 30 Apr?,"We have not received settlement for 30 Apr 2026. This is the second time this month. Can someone check the batch on your side and come back to me today, we have suppliers waiting.",closed,PN100010419
TK-100007,MER-0005,2026-03-22 13:30:00,email,Transaction n/a failed on checkout,We are seeing a lot of declines this afternoon on mobile money. Ref not recorded is one example. Is there a problem on the rail side or is it us?,resolved,
TK-100008,MER-0032,2026-03-19 12:45:00,portal,Change of bank account details,We are changing our settlement bank. What documents do you need from us?,closed,
TK-100009,MER-0054,2026-04-18 11:25:00,email,Refund request for PN100059913,"Customer was charged twice for the same order. Please reverse one of them. Ref PN100059913, amount 6.87. She has been calling since yesterday.",closed,PN100059913
TK-100010,MER-0042,2026-03-18 12:34:00,email,Fee does not match our agreement,Can you send a breakdown of fees for the period? We need it for our audit and the summary figure alone is not enough.,closed,
TK-100011,MER-0002,2026-03-13 08:43:00,email,Customer double charged,"Customer was charged twice for the same order. Please reverse one of them. Ref PN100141032, amount 10.07. She has been calling since yesterday.",resolved,PN100141032
TK-100012,MER-0040,2026-04-29 12:53:00,portal,Transaction n/a failed on checkout,Customer says payment went through on their phone but our dashboard shows failed. not recorded. They are in the shop now and refusing to pay again.,closed,
TK-100013,MER-0013,2026-03-11 08:08:00,email,Callback not firing on our staging environment,"Our callback endpoint is not receiving anything for successful payments, though the dashboard shows them as successful. We are on the v2 integration. Logs attached in the portal.",open,PN100064033
TK-100014,MER-0053,2026-04-15 15:16:00,email,Query on fees charged this month,Our finance team has reviewed the statement and the fee charged looks higher than the rate we agreed in the addendum. We understood the new rate applies from April. Please clarify.,closed,
TK-100015,MER-0042,2026-04-05 14:08:00,portal,Where is our payout for 05 Apr?,"Hie, kindly confirm status of our settlement. Amount expected is around n/a. Ref not recorded.",open,
TK-100016,MER-0006,2026-03-29 12:12:00,portal,Settlement not received for 29 Mar,"We have not received settlement for 29 Mar 2026. This is the second time this month. Can someone check the batch on your side and come back to me today, we have suppliers waiting.",resolved,PN100013345
TK-100017,MER-0022,2026-04-21 13:20:00,whatsapp,Possible fraudulent payments overnight,"We had a series of small payments overnight from what looks like the same payer, all just under our review threshold. One ref is PN100111664. Can you block that payer and advise on next steps?",open,PN100111664
TK-100018,MER-0009,2026-04-29 10:41:00,portal,Callback not firing on our staging environment,"Our callback endpoint is not receiving anything for successful payments, though the dashboard shows them as successful. We are on the v2 integration. Logs attached in the portal.",resolved,PN100080159
TK-100019,MER-0008,2026-04-09 08:49:00,phone,Possible fraudulent payments overnight,"We had a series of small payments overnight from what looks like the same payer, all just under our review threshold. One ref is not recorded. Can you block that payer and advise on next steps?",resolved,
TK-100020,MER-0028,2026-04-16 12:19:00,whatsapp,Transaction PN100135918 failed on checkout,Customer says payment went through on their phone but our dashboard shows failed. PN100135918. They are in the shop now and refusing to pay again.,pending_merchant,PN100135918
TK-100021,MER-0051,2026-04-27 13:42:00,email,Request for fee breakdown,Can you send a breakdown of fees for the period? We need it for our audit and the summary figure alone is not enough.,pending_merchant,PN100127097
TK-100022,MER-0011,2026-04-04 06:56:00,phone,Payment declined repeatedly,Customer says payment went through on their phone but our dashboard shows failed. PN100157904. They are in the shop now and refusing to pay again.,closed,PN100157904
TK-100023,MER-0003,2026-04-21 19:22:00,email,Query on fees charged this month,Can you send a breakdown of fees for the period? We need it for our audit and the summary figure alone is not enough.,closed,PN100049615
TK-100024,MER-0007,2026-03-30 12:45:00,portal,Customer double charged,"We need to refund 52.68 on PN100091338, the goods were returned. What is the process and how long does it take to reflect?",open,PN100091338
TK-100025,MER-0042,2026-04-17 06:25:00,email,Transaction PN100099611 failed on checkout,Customer says payment went through on their phone but our dashboard shows failed. PN100099611. They are in the shop now and refusing to pay again.,closed,PN100099611
TK-100026,MER-0013,2026-03-13 17:59:00,email,Payment declined repeatedly,"A customer tried to pay n/a and got an error on the checkout page, but they are telling me their wallet was debited. Transaction ref is not recorded. Please reverse or confirm.",resolved,
TK-100027,MER-0056,2026-03-22 09:51:00,email,Transaction PN100143118 failed on checkout,"A customer tried to pay 1.57 and got an error on the checkout page, but they are telling me their wallet was debited. Transaction ref is PN100143118. Please reverse or confirm.",resolved,PN100143118
TK-100028,MER-0043,2026-03-21 19:31:00,email,How do we handle the pending status?,"We rotated our API key yesterday and now every request returns {""error"":""unauthorised""}. Nothing else changed on our side. Can you check whether the old key is still active?",resolved,PN100115043
TK-100029,MER-0049,2026-03-13 11:48:00,whatsapp,Query on fees charged this month,Our finance team has reviewed the statement and the fee charged looks higher than the rate we agreed in the addendum. We understood the new rate applies from April. Please clarify.,open,PN100167312
TK-100030,MER-0048,2026-04-17 15:58:00,portal,Callback not firing on our staging environment,"Our callback endpoint is not receiving anything for successful payments, though the dashboard shows them as successful. We are on the v2 integration. Logs attached in the portal.",resolved,PN100072527
TK-100031,MER-0040,2026-04-30 18:47:00,whatsapp,Query on fees charged this month,Our finance team has reviewed the statement and the fee charged looks higher than the rate we agreed in the addendum. We understood the new rate applies from April. Please clarify.,closed,
TK-100032,MER-0006,2026-04-14 06:04:00,email,Possible fraudulent payments overnight,"We had a series of small payments overnight from what looks like the same payer, all just under our review threshold. One ref is PN100075725. Can you block that payer and advise on next steps?",resolved,PN100075725
TK-100033,MER-0010,2026-03-05 18:34:00,portal,Transaction PN100014440 failed on checkout,"We are seeing a lot of declines this afternoon on mobile money. Ref PN100014440 is one example. Is there a problem on the rail side or is it us?
Sent from my mobile device",resolved,PN100014440
TK-100034,MER-0009,2026-03-11 13:40:00,portal,Add a user to our portal,We are changing our settlement bank. What documents do you need from us?,resolved,PN100140405
TK-100035,MER-0035,2026-03-05 07:25:00,portal,Add a user to our portal,Kindly send the statement for last month in Excel rather than PDF.,open,
TK-100036,MER-0037,2026-03-15 12:51:00,email,Customer payment failed but was debited,We are seeing a lot of declines this afternoon on mobile money. Ref not recorded is one example. Is there a problem on the rail side or is it us?,resolved,
TK-100037,MER-0047,2026-03-19 19:13:00,email,Funds still not in our account,"Hie, kindly confirm status of our settlement. Amount expected is around 44.62. Ref PN100068496.",closed,PN100068496
TK-100038,MER-0010,2026-04-01 09:33:00,portal,Customer double charged,"We need to refund 268.43 on PN100008428, the goods were returned. What is the process and how long does it take to reflect?",resolved,PN100008428
TK-100039,MER-0016,2026-03-03 07:31:00,portal,Customer payment failed but was debited,We are seeing a lot of declines this afternoon on mobile money. Ref not recorded is one example. Is there a problem on the rail side or is it us?,resolved,
TK-100040,MER-0031,2026-04-13 11:45:00,email,Payment declined repeatedly,"A customer tried to pay 28.64 and got an error on the checkout page, but they are telling me their wallet was debited. Transaction ref is PN100168327. Please reverse or confirm.",closed,PN100168327
TK-100041,MER-0046,2026-03-26 14:17:00,email,Where is our payout for 26 Mar?,"Hie, kindly confirm status of our settlement. Amount expected is around 63.68. Ref PN100120595.",pending_merchant,PN100120595
TK-100042,MER-0045,2026-04-30 14:59:00,phone,Payment declined repeatedly,We are seeing a lot of declines this afternoon on mobile money. Ref PN100158947 is one example. Is there a problem on the rail side or is it us?,resolved,PN100158947
TK-100043,MER-0015,2026-03-11 18:47:00,email,Request for statement,Kindly send the statement for last month in Excel rather than PDF.,resolved,PN100093883
TK-100044,MER-0015,2026-03-19 12:42:00,email,Transaction n/a failed on checkout,Customer says payment went through on their phone but our dashboard shows failed. not recorded. They are in the shop now and refusing to pay again.,resolved,
TK-100045,MER-0013,2026-04-04 15:17:00,portal,Customer payment failed but was debited,Customer says payment went through on their phone but our dashboard shows failed. not recorded. They are in the shop now and refusing to pay again.,resolved,
TK-100046,MER-0008,2026-03-30 17:44:00,whatsapp,Where is our payout for 30 Mar?,"We have not received settlement for 30 Mar 2026. This is the second time this month. Can someone check the batch on your side and come back to me today, we have suppliers waiting.",closed,
TK-100047,MER-0003,2026-03-17 12:51:00,whatsapp,Request for statement,We are changing our settlement bank. What documents do you need from us?,open,PN100144708
TK-100048,MER-0011,2026-04-22 08:48:00,portal,Settlement not received for 22 Apr,"We have not received settlement for 22 Apr 2026. This is the second time this month. Can someone check the batch on your side and come back to me today, we have suppliers waiting.",open,
TK-100049,MER-0044,2026-04-02 16:54:00,email,Add a user to our portal,Kindly send the statement for last month in Excel rather than PDF.,pending_merchant,
TK-100050,MER-0052,2026-04-11 06:35:00,email,Please reverse duplicate charge,"We need to refund n/a on not recorded, the goods were returned. What is the process and how long does it take to reflect?",closed,
TK-100051,MER-0017,2026-04-20 15:38:00,phone,Funds still not in our account,Good morning team. We reconciled our till this morning and the payout for 20 Apr 2026 has still not hit our FCA account. Our records show 187.73 collected. Please advise when we should expect it.,open,PN100168692
TK-100052,MER-0009,2026-04-18 15:21:00,email,Customer payment failed but was debited,We are seeing a lot of declines this afternoon on mobile money. Ref PN100116219 is one example. Is there a problem on the rail side or is it us?,closed,PN100116219
TK-100053,MER-0017,2026-03-14 18:08:00,email,API returning 401 after key rotation,"Question on statuses: if a payment sits at pending, how long before we can treat it as failed? Our checkout currently waits 30 seconds then gives up.",resolved,PN100002598
TK-100054,MER-0047,2026-04-25 12:33:00,email,Fee does not match our agreement,Our finance team has reviewed the statement and the fee charged looks higher than the rate we agreed in the addendum. We understood the new rate applies from April. Please clarify.,resolved,PN100064311
TK-100055,MER-0005,2026-03-27 07:53:00,whatsapp,Where is our payout for 27 Mar?,"Hie, kindly confirm status of our settlement. Amount expected is around n/a. Ref not recorded.",pending_merchant,
TK-100056,MER-0048,2026-04-18 17:59:00,whatsapp,Customer double charged,"We need to refund 8.75 on PN100086793, the goods were returned. What is the process and how long does it take to reflect?",closed,PN100086793
TK-100057,MER-0046,2026-04-23 11:34:00,portal,Where is our payout for 23 Apr?,Good morning team. We reconciled our till this morning and the payout for 23 Apr 2026 has still not hit our FCA account. Our records show 68.03 collected. Please advise when we should expect it.,pending_merchant,PN100179426
TK-100058,MER-0040,2026-03-11 13:06:00,whatsapp,Funds still not in our account,"Hie, kindly confirm status of our settlement. Amount expected is around 32.76. Ref PN100009198.",resolved,PN100009198
TK-100059,MER-0025,2026-03-15 10:14:00,email,Request for statement,Please add our new finance officer to the merchant portal with view only access.,closed,
TK-100060,MER-0009,2026-04-05 14:36:00,email,How do we handle the pending status?,"Question on statuses: if a payment sits at pending, how long before we can treat it as failed? Our checkout currently waits 30 seconds then gives up.",resolved,PN100083630
TK-100061,MER-0018,2026-03-13 11:39:00,portal,Customer payment failed but was debited,Customer says payment went through on their phone but our dashboard shows failed. not recorded. They are in the shop now and refusing to pay again.,resolved,
TK-100062,MER-0052,2026-04-15 18:13:00,email,Where is our payout for 15 Apr?,"Hie, kindly confirm status of our settlement. Amount expected is around n/a. Ref not recorded.",resolved,
TK-100063,MER-0037,2026-03-05 18:26:00,portal,Suspicious transaction pattern,"We had a series of small payments overnight from what looks like the same payer, all just under our review threshold. One ref is PN100065170. Can you block that payer and advise on next steps?",closed,PN100065170
TK-100064,MER-0022,2026-04-11 17:47:00,portal,Funds still not in our account,"We have not received settlement for 11 Apr 2026. This is the second time this month. Can someone check the batch on your side and come back to me today, we have suppliers waiting.",resolved,
TK-100065,MER-0017,2026-04-11 18:41:00,portal,Customer double charged,"Customer was charged twice for the same order. Please reverse one of them. Ref PN100105052, amount 5.65. She has been calling since yesterday.",closed,PN100105052
TK-100066,MER-0015,2026-04-15 18:01:00,portal,Settlement not received for 15 Apr,"Hie, kindly confirm status of our settlement. Amount expected is around 16.68. Ref PN100039127.",closed,PN100039127
TK-100067,MER-0001,2026-03-13 17:51:00,email,Customer double charged,"Customer was charged twice for the same order. Please reverse one of them. Ref PN100006042, amount 320.63. She has been calling since yesterday.",open,PN100006042
TK-100068,MER-0033,2026-04-18 14:55:00,portal,Transaction PN100169656 failed on checkout,"A customer tried to pay 5.12 and got an error on the checkout page, but they are telling me their wallet was debited. Transaction ref is PN100169656. Please reverse or confirm.",pending_merchant,PN100169656
TK-100069,MER-0025,2026-04-25 12:38:00,portal,Customer payment failed but was debited,"A customer tried to pay 5.71 and got an error on the checkout page, but they are telling me their wallet was debited. Transaction ref is PN100071201. Please reverse or confirm.",open,PN100071201
TK-100070,MER-0036,2026-04-10 11:09:00,email,Callback not firing on our staging environment,"We rotated our API key yesterday and now every request returns {""error"":""unauthorised""}. Nothing else changed on our side. Can you check whether the old key is still active?",resolved,PN100159818
TK-100071,MER-0019,2026-04-07 12:51:00,portal,Payment declined repeatedly,Customer says payment went through on their phone but our dashboard shows failed. PN100049089. They are in the shop now and refusing to pay again.,open,PN100049089
TK-100072,MER-0047,2026-03-09 10:17:00,email,Add a user to our portal,We are changing our settlement bank. What documents do you need from us?,resolved,
TK-100073,MER-0032,2026-04-23 06:23:00,whatsapp,Callback not firing on our staging environment,"Question on statuses: if a payment sits at pending, how long before we can treat it as failed? Our checkout currently waits 30 seconds then gives up.",closed,
TK-100074,MER-0044,2026-04-14 14:34:00,portal,Customer double charged,"We need to refund n/a on not recorded, the goods were returned. What is the process and how long does it take to reflect?",open,
TK-100075,MER-0027,2026-04-24 06:38:00,portal,Possible fraudulent payments overnight,"We had a series of small payments overnight from what looks like the same payer, all just under our review threshold. One ref is not recorded. Can you block that payer and advise on next steps?",open,
TK-100076,MER-0007,2026-04-08 19:29:00,email,Possible fraudulent payments overnight,"We had a series of small payments overnight from what looks like the same payer, all just under our review threshold. One ref is not recorded. Can you block that payer and advise on next steps?",open,
TK-100077,MER-0014,2026-03-12 18:43:00,whatsapp,Transaction n/a failed on checkout,"A customer tried to pay n/a and got an error on the checkout page, but they are telling me their wallet was debited. Transaction ref is not recorded. Please reverse or confirm.",pending_merchant,
TK-100078,MER-0055,2026-03-31 07:35:00,portal,API returning 401 after key rotation,"Our callback endpoint is not receiving anything for successful payments, though the dashboard shows them as successful. We are on the v2 integration. Logs attached in the portal.",open,PN100141103
TK-100079,MER-0019,2026-03-02 08:13:00,email,Transaction PN100012969 failed on checkout,"A customer tried to pay 69.55 and got an error on the checkout page, but they are telling me their wallet was debited. Transaction ref is PN100012969. Please reverse or confirm.",closed,PN100012969
TK-100080,MER-0031,2026-04-20 06:07:00,portal,Customer double charged,"Customer was charged twice for the same order. Please reverse one of them. Ref PN100065071, amount 42.74. She has been calling since yesterday.",resolved,PN100065071
TK-100081,MER-0007,2026-04-10 15:24:00,portal,Callback not firing on our staging environment,"Question on statuses: if a payment sits at pending, how long before we can treat it as failed? Our checkout currently waits 30 seconds then gives up.",open,PN100080089
TK-100082,MER-0008,2026-03-25 17:25:00,portal,Settlement not received for 25 Mar,"We have not received settlement for 25 Mar 2026. This is the second time this month. Can someone check the batch on your side and come back to me today, we have suppliers waiting.",closed,PN100110467
TK-100083,MER-0037,2026-04-18 09:46:00,portal,Payment declined repeatedly,We are seeing a lot of declines this afternoon on mobile money. Ref not recorded is one example. Is there a problem on the rail side or is it us?,closed,
TK-100084,MER-0025,2026-04-14 07:59:00,email,Add a user to our portal,We are changing our settlement bank. What documents do you need from us?,closed,PN100089052
TK-100085,MER-0027,2026-04-18 16:53:00,portal,Settlement not received for 18 Apr,"We have not received settlement for 18 Apr 2026. This is the second time this month. Can someone check the batch on your side and come back to me today, we have suppliers waiting.",pending_merchant,
TK-100086,MER-0001,2026-04-06 11:43:00,portal,Change of bank account details,Please add our new finance officer to the merchant portal with view only access.,closed,PN100049953
TK-100087,MER-0062,2026-03-27 09:26:00,portal,Please reverse duplicate charge,"Customer was charged twice for the same order. Please reverse one of them. Ref PN100153965, amount 316.78. She has been calling since yesterday.",resolved,PN100153965
TK-100088,MER-0010,2026-03-07 13:09:00,email,Please reverse duplicate charge,"We need to refund 41.90 on PN100062206, the goods were returned. What is the process and how long does it take to reflect?
Sent from my mobile device",closed,PN100062206
TK-100089,MER-0044,2026-04-25 12:30:00,email,Customer double charged,"We need to refund 85.43 on PN100144102, the goods were returned. What is the process and how long does it take to reflect?",closed,PN100144102
TK-100090,MER-0009,2026-04-06 13:21:00,email,Query on fees charged this month,Our finance team has reviewed the statement and the fee charged looks higher than the rate we agreed in the addendum. We understood the new rate applies from April. Please clarify.,resolved,PN100159144
TK-100091,MER-0036,2026-04-04 08:33:00,portal,API returning 401 after key rotation,"We rotated our API key yesterday and now every request returns {""error"":""unauthorised""}. Nothing else changed on our side. Can you check whether the old key is still active?",open,PN100161225
TK-100092,MER-0038,2026-04-22 13:27:00,whatsapp,Add a user to our portal,Kindly send the statement for last month in Excel rather than PDF.,closed,PN100034890
TK-100093,MER-0034,2026-03-31 08:03:00,email,Payment declined repeatedly,"A customer tried to pay 84.10 and got an error on the checkout page, but they are telling me their wallet was debited. Transaction ref is PN100118272. Please reverse or confirm.",open,PN100118272
TK-100094,MER-0040,2026-04-11 06:01:00,whatsapp,Refund request for PN100143919,"We need to refund 328.68 on PN100143919, the goods were returned. What is the process and how long does it take to reflect?",resolved,PN100143919
TK-100095,MER-0027,2026-03-01 10:14:00,portal,Request for fee breakdown,Can you send a breakdown of fees for the period? We need it for our audit and the summary figure alone is not enough.,closed,PN100052965
TK-100096,MER-0060,2026-04-08 17:35:00,email,Transaction PN100053496 failed on checkout,Customer says payment went through on their phone but our dashboard shows failed. PN100053496. They are in the shop now and refusing to pay again.,closed,PN100053496
TK-100097,MER-0059,2026-03-27 17:45:00,portal,Transaction PN100044838 failed on checkout,We are seeing a lot of declines this afternoon on mobile money. Ref PN100044838 is one example. Is there a problem on the rail side or is it us?,closed,PN100044838
TK-100098,MER-0019,2026-03-18 18:24:00,whatsapp,Suspicious transaction pattern,"We had a series of small payments overnight from what looks like the same payer, all just under our review threshold. One ref is not recorded. Can you block that payer and advise on next steps?",open,
TK-100099,MER-0042,2026-03-11 19:15:00,email,Possible fraudulent payments overnight,"We had a series of small payments overnight from what looks like the same payer, all just under our review threshold. One ref is not recorded. Can you block that payer and advise on next steps?
Sent from my mobile device",resolved,
TK-100100,MER-0032,2026-04-11 14:10:00,email,Customer payment failed but was debited,"A customer tried to pay 5.08 and got an error on the checkout page, but they are telling me their wallet was debited. Transaction ref is PN100080220. Please reverse or confirm.",resolved,PN100080220
TK-100101,MER-0060,2026-03-24 06:51:00,portal,Possible fraudulent payments overnight,"We had a series of small payments overnight from what looks like the same payer, all just under our review threshold. One ref is PN100064297. Can you block that payer and advise on next steps?",open,PN100064297
TK-100102,MER-0061,2026-04-03 06:07:00,portal,Callback not firing on our staging environment,"We rotated our API key yesterday and now every request returns {""error"":""unauthorised""}. Nothing else changed on our side. Can you check whether the old key is still active?",open,PN100025967
TK-100103,MER-0056,2026-04-14 12:06:00,email,Payment declined repeatedly,"A customer tried to pay n/a and got an error on the checkout page, but they are telling me their wallet was debited. Transaction ref is not recorded. Please reverse or confirm.",closed,
TK-100104,MER-0025,2026-03-07 12:44:00,portal,Payment declined repeatedly,We are seeing a lot of declines this afternoon on mobile money. Ref not recorded is one example. Is there a problem on the rail side or is it us?,open,
TK-100105,MER-0033,2026-04-07 10:13:00,email,Refund request for PN100071068,"We need to refund 10.51 on PN100071068, the goods were returned. What is the process and how long does it take to reflect?
Sent from my mobile device",closed,PN100071068
TK-100106,MER-0019,2026-03-14 08:17:00,whatsapp,Add a user to our portal,Please add our new finance officer to the merchant portal with view only access.,open,PN100150849
TK-100107,MER-0028,2026-04-07 12:39:00,phone,How do we handle the pending status?,"Our callback endpoint is not receiving anything for successful payments, though the dashboard shows them as successful. We are on the v2 integration. Logs attached in the portal.",resolved,PN100112512
TK-100108,MER-0023,2026-03-28 19:33:00,email,Payment declined repeatedly,"We are seeing a lot of declines this afternoon on mobile money. Ref PN100154236 is one example. Is there a problem on the rail side or is it us?
Sent from my mobile device",pending_merchant,PN100154236
TK-100109,MER-0009,2026-03-17 13:25:00,portal,Where is our payout for 17 Mar?,"Hie, kindly confirm status of our settlement. Amount expected is around 133.27. Ref PN100073536.",resolved,PN100073536
TK-100110,MER-0056,2026-03-18 11:49:00,phone,Where is our payout for 18 Mar?,"Hie, kindly confirm status of our settlement. Amount expected is around n/a. Ref not recorded.",open,
TK-100111,MER-0056,2026-03-05 14:28:00,phone,Transaction PN100072016 failed on checkout,Customer says payment went through on their phone but our dashboard shows failed. PN100072016. They are in the shop now and refusing to pay again.,closed,PN100072016
TK-100112,MER-0026,2026-04-05 18:54:00,whatsapp,Payment declined repeatedly,We are seeing a lot of declines this afternoon on mobile money. Ref PN100012272 is one example. Is there a problem on the rail side or is it us?,open,PN100012272
TK-100113,MER-0017,2026-04-15 17:39:00,whatsapp,How do we handle the pending status?,"We rotated our API key yesterday and now every request returns {""error"":""unauthorised""}. Nothing else changed on our side. Can you check whether the old key is still active?",open,PN100079032
TK-100114,MER-0033,2026-03-21 10:24:00,email,API returning 401 after key rotation,"Question on statuses: if a payment sits at pending, how long before we can treat it as failed? Our checkout currently waits 30 seconds then gives up.",closed,PN100045859
TK-100115,MER-0013,2026-04-21 08:43:00,portal,How do we handle the pending status?,"Our callback endpoint is not receiving anything for successful payments, though the dashboard shows them as successful. We are on the v2 integration. Logs attached in the portal.",closed,PN100144358
TK-100116,MER-0015,2026-04-15 15:54:00,whatsapp,Transaction PN100004151 failed on checkout,"A customer tried to pay 39.40 and got an error on the checkout page, but they are telling me their wallet was debited. Transaction ref is PN100004151. Please reverse or confirm.",resolved,PN100004151
TK-100117,MER-0043,2026-04-19 10:58:00,email,Transaction PN100114160 failed on checkout,Customer says payment went through on their phone but our dashboard shows failed. PN100114160. They are in the shop now and refusing to pay again.,resolved,PN100114160
TK-100118,MER-0007,2026-03-07 12:10:00,email,Settlement not received for 07 Mar,"We have not received settlement for 07 Mar 2026. This is the second time this month. Can someone check the batch on your side and come back to me today, we have suppliers waiting.",open,PN100084441
TK-100119,MER-0045,2026-03-05 06:38:00,email,Payment declined repeatedly,Customer says payment went through on their phone but our dashboard shows failed. PN100070456. They are in the shop now and refusing to pay again.,resolved,PN100070456
TK-100120,MER-0002,2026-04-29 08:18:00,portal,API returning 401 after key rotation,"We rotated our API key yesterday and now every request returns {""error"":""unauthorised""}. Nothing else changed on our side. Can you check whether the old key is still active?",resolved,PN100006925
TK-100121,MER-0047,2026-03-05 15:57:00,portal,How do we handle the pending status?,"Question on statuses: if a payment sits at pending, how long before we can treat it as failed? Our checkout currently waits 30 seconds then gives up.",resolved,PN100160383
TK-100122,MER-0023,2026-04-29 16:21:00,email,Payment declined repeatedly,We are seeing a lot of declines this afternoon on mobile money. Ref not recorded is one example. Is there a problem on the rail side or is it us?,resolved,
TK-100123,MER-0042,2026-04-13 06:04:00,email,API returning 401 after key rotation,"Our callback endpoint is not receiving anything for successful payments, though the dashboard shows them as successful. We are on the v2 integration. Logs attached in the portal.",pending_merchant,PN100067833
TK-100124,MER-0010,2026-04-19 17:40:00,email,API returning 401 after key rotation,"We rotated our API key yesterday and now every request returns {""error"":""unauthorised""}. Nothing else changed on our side. Can you check whether the old key is still active?",closed,PN100037442
TK-100125,MER-0006,2026-03-13 19:21:00,email,Funds still not in our account,"Hie, kindly confirm status of our settlement. Amount expected is around 29.50. Ref PN100084778.",pending_merchant,PN100084778
TK-100126,MER-0013,2026-04-30 10:26:00,email,Query on fees charged this month,Our finance team has reviewed the statement and the fee charged looks higher than the rate we agreed in the addendum. We understood the new rate applies from April. Please clarify.,pending_merchant,
TK-100127,MER-0007,2026-03-09 06:34:00,whatsapp,Callback not firing on our staging environment,"Question on statuses: if a payment sits at pending, how long before we can treat it as failed? Our checkout currently waits 30 seconds then gives up.",closed,
TK-100128,MER-0016,2026-04-11 17:53:00,whatsapp,How do we handle the pending status?,"Our callback endpoint is not receiving anything for successful payments, though the dashboard shows them as successful. We are on the v2 integration. Logs attached in the portal.",resolved,PN100053169
TK-100129,MER-0056,2026-03-09 11:21:00,portal,How do we handle the pending status?,"Our callback endpoint is not receiving anything for successful payments, though the dashboard shows them as successful. We are on the v2 integration. Logs attached in the portal.",closed,PN100171455
TK-100130,MER-0011,2026-04-22 13:54:00,email,Payment declined repeatedly,"A customer tried to pay 21.91 and got an error on the checkout page, but they are telling me their wallet was debited. Transaction ref is PN100155600. Please reverse or confirm.",closed,PN100155600
TK-100131,MER-0033,2026-03-07 14:14:00,email,Transaction n/a failed on checkout,Customer says payment went through on their phone but our dashboard shows failed. not recorded. They are in the shop now and refusing to pay again.,pending_merchant,
TK-100132,MER-0046,2026-03-20 09:29:00,portal,Funds still not in our account,Good morning team. We reconciled our till this morning and the payout for 20 Mar 2026 has still not hit our FCA account. Our records show 36.69 collected. Please advise when we should expect it.,pending_merchant,PN100031266
TK-100133,MER-0041,2026-04-05 13:45:00,portal,Transaction PN100032278 failed on checkout,Customer says payment went through on their phone but our dashboard shows failed. PN100032278. They are in the shop now and refusing to pay again.,resolved,PN100032278
TK-100134,MER-0021,2026-04-13 16:18:00,email,Settlement not received for 13 Apr,Good morning team. We reconciled our till this morning and the payout for 13 Apr 2026 has still not hit our FCA account. Our records show 21.08 collected. Please advise when we should expect it.,closed,PN100035897
TK-100135,MER-0021,2026-03-26 07:11:00,email,How do we handle the pending status?,"Our callback endpoint is not receiving anything for successful payments, though the dashboard shows them as successful. We are on the v2 integration. Logs attached in the portal.",open,
TK-100136,MER-0030,2026-03-15 11:22:00,email,Transaction n/a failed on checkout,Customer says payment went through on their phone but our dashboard shows failed. not recorded. They are in the shop now and refusing to pay again.,closed,
TK-100137,MER-0009,2026-04-25 17:38:00,email,Settlement not received for 25 Apr,"Hie, kindly confirm status of our settlement. Amount expected is around 25.45. Ref PN100038427.",resolved,PN100038427
TK-100138,MER-0030,2026-03-24 12:04:00,portal,Customer payment failed but was debited,"A customer tried to pay 5.90 and got an error on the checkout page, but they are telling me their wallet was debited. Transaction ref is PN100129906. Please reverse or confirm.",resolved,PN100129906
TK-100139,MER-0027,2026-03-24 15:54:00,portal,Change of bank account details,Kindly send the statement for last month in Excel rather than PDF.,resolved,PN100043161
TK-100140,MER-0062,2026-03-26 17:40:00,email,Fee does not match our agreement,Can you send a breakdown of fees for the period? We need it for our audit and the summary figure alone is not enough.,closed,PN100121638
TK-100141,MER-0051,2026-03-09 16:16:00,email,Where is our payout for 09 Mar?,Good morning team. We reconciled our till this morning and the payout for 09 Mar 2026 has still not hit our FCA account. Our records show 6.98 collected. Please advise when we should expect it.,pending_merchant,PN100119226
TK-100142,MER-0045,2026-03-01 12:23:00,portal,Payment declined repeatedly,"A customer tried to pay n/a and got an error on the checkout page, but they are telling me their wallet was debited. Transaction ref is not recorded. Please reverse or confirm.",closed,
TK-100143,MER-0010,2026-04-06 12:34:00,email,How do we handle the pending status?,"We rotated our API key yesterday and now every request returns {""error"":""unauthorised""}. Nothing else changed on our side. Can you check whether the old key is still active?",resolved,
TK-100144,MER-0061,2026-04-12 09:03:00,phone,Possible fraudulent payments overnight,"We had a series of small payments overnight from what looks like the same payer, all just under our review threshold. One ref is not recorded. Can you block that payer and advise on next steps?",resolved,
TK-100145,MER-0055,2026-03-27 17:54:00,email,Funds still not in our account,"We have not received settlement for 27 Mar 2026. This is the second time this month. Can someone check the batch on your side and come back to me today, we have suppliers waiting.",closed,PN100037020
TK-100146,MER-0037,2026-04-07 13:11:00,email,Callback not firing on our staging environment,"Our callback endpoint is not receiving anything for successful payments, though the dashboard shows them as successful. We are on the v2 integration. Logs attached in the portal.",open,
TK-100147,MER-0029,2026-04-07 15:51:00,email,How do we handle the pending status?,"We rotated our API key yesterday and now every request returns {""error"":""unauthorised""}. Nothing else changed on our side. Can you check whether the old key is still active?",pending_merchant,PN100159480
TK-100148,MER-0020,2026-03-30 17:50:00,whatsapp,Transaction n/a failed on checkout,We are seeing a lot of declines this afternoon on mobile money. Ref not recorded is one example. Is there a problem on the rail side or is it us?,open,
TK-100149,MER-0044,2026-04-04 12:06:00,whatsapp,Where is our payout for 04 Apr?,"Hie, kindly confirm status of our settlement. Amount expected is around 422.34. Ref PN100045816.",pending_merchant,PN100045816
TK-100150,MER-0035,2026-03-25 10:58:00,whatsapp,Payment declined repeatedly,We are seeing a lot of declines this afternoon on mobile money. Ref PN100019932 is one example. Is there a problem on the rail side or is it us?,resolved,PN100019932
TK-100151,MER-0051,2026-04-17 06:50:00,email,Add a user to our portal,We are changing our settlement bank. What documents do you need from us?,resolved,
TK-100152,MER-0054,2026-04-09 15:50:00,portal,How do we handle the pending status?,"We rotated our API key yesterday and now every request returns {""error"":""unauthorised""}. Nothing else changed on our side. Can you check whether the old key is still active?",resolved,
TK-100153,MER-0012,2026-04-06 09:49:00,email,Payment declined repeatedly,We are seeing a lot of declines this afternoon on mobile money. Ref not recorded is one example. Is there a problem on the rail side or is it us?,resolved,
TK-100154,MER-0061,2026-03-23 07:54:00,email,Refund request for PN100085170,"Customer was charged twice for the same order. Please reverse one of them. Ref PN100085170, amount 8.02. She has been calling since yesterday.",closed,PN100085170
TK-100155,MER-0056,2026-03-24 17:17:00,whatsapp,Settlement not received for 24 Mar,Good morning team. We reconciled our till this morning and the payout for 24 Mar 2026 has still not hit our FCA account. Our records show n/a collected. Please advise when we should expect it.,closed,
TK-100156,MER-0053,2026-04-07 12:13:00,portal,Funds still not in our account,"Hie, kindly confirm status of our settlement. Amount expected is around 9.55. Ref PN100109564.",open,PN100109564
TK-100157,MER-0027,2026-04-05 19:43:00,portal,Change of bank account details,Please add our new finance officer to the merchant portal with view only access.,pending_merchant,PN100096231
TK-100158,MER-0032,2026-04-15 17:12:00,phone,Funds still not in our account,"We have not received settlement for 15 Apr 2026. This is the second time this month. Can someone check the batch on your side and come back to me today, we have suppliers waiting.",resolved,PN100046036
TK-100159,MER-0046,2026-03-18 16:39:00,email,Customer double charged,"Customer was charged twice for the same order. Please reverse one of them. Ref not recorded, amount n/a. She has been calling since yesterday.",resolved,
TK-100160,MER-0059,2026-04-19 14:56:00,phone,Request for statement,We are changing our settlement bank. What documents do you need from us?,pending_merchant,PN100000473
TK-100161,MER-0020,2026-03-30 17:57:00,whatsapp,How do we handle the pending status?,"Question on statuses: if a payment sits at pending, how long before we can treat it as failed? Our checkout currently waits 30 seconds then gives up.",open,PN100173121
TK-100162,MER-0054,2026-04-29 07:43:00,email,Change of bank account details,We are changing our settlement bank. What documents do you need from us?,pending_merchant,PN100156526
TK-100163,MER-0026,2026-03-04 18:21:00,email,Transaction PN100062675 failed on checkout,We are seeing a lot of declines this afternoon on mobile money. Ref PN100062675 is one example. Is there a problem on the rail side or is it us?,closed,PN100062675
TK-100164,MER-0007,2026-03-30 12:06:00,email,Settlement not received for 30 Mar,Good morning team. We reconciled our till this morning and the payout for 30 Mar 2026 has still not hit our FCA account. Our records show 25.20 collected. Please advise when we should expect it.,resolved,PN100050041
TK-100165,MER-0017,2026-04-21 19:30:00,email,Transaction PN100087182 failed on checkout,"A customer tried to pay 184.80 and got an error on the checkout page, but they are telling me their wallet was debited. Transaction ref is PN100087182. Please reverse or confirm.",resolved,PN100087182
TK-100166,MER-0046,2026-03-29 16:55:00,portal,Suspicious transaction pattern,"We had a series of small payments overnight from what looks like the same payer, all just under our review threshold. One ref is not recorded. Can you block that payer and advise on next steps?",resolved,
TK-100167,MER-0056,2026-04-18 19:29:00,whatsapp,Where is our payout for 18 Apr?,Good morning team. We reconciled our till this morning and the payout for 18 Apr 2026 has still not hit our FCA account. Our records show n/a collected. Please advise when we should expect it.,closed,
TK-100168,MER-0021,2026-03-25 09:09:00,portal,Customer double charged,"Customer was charged twice for the same order. Please reverse one of them. Ref PN100006190, amount 10.85. She has been calling since yesterday.",resolved,PN100006190
TK-100169,MER-0030,2026-03-29 09:59:00,email,Transaction n/a failed on checkout,Customer says payment went through on their phone but our dashboard shows failed. not recorded. They are in the shop now and refusing to pay again.,closed,
TK-100170,MER-0034,2026-04-08 10:26:00,whatsapp,Request for fee breakdown,Can you send a breakdown of fees for the period? We need it for our audit and the summary figure alone is not enough.,pending_merchant,PN100022010
TK-100171,MER-0013,2026-03-16 15:57:00,email,Settlement not received for 16 Mar,Good morning team. We reconciled our till this morning and the payout for 16 Mar 2026 has still not hit our FCA account. Our records show 5.37 collected. Please advise when we should expect it.,resolved,PN100061576
TK-100172,MER-0042,2026-03-02 12:34:00,portal,Where is our payout for 02 Mar?,Good morning team. We reconciled our till this morning and the payout for 02 Mar 2026 has still not hit our FCA account. Our records show 2.09 collected. Please advise when we should expect it.,open,PN100076650
TK-100173,MER-0027,2026-03-14 07:43:00,portal,Settlement not received for 14 Mar,"Hie, kindly confirm status of our settlement. Amount expected is around 147.12. Ref PN100048486.",resolved,PN100048486
TK-100174,MER-0041,2026-04-24 11:00:00,whatsapp,API returning 401 after key rotation,"We rotated our API key yesterday and now every request returns {""error"":""unauthorised""}. Nothing else changed on our side. Can you check whether the old key is still active?",resolved,PN100088839
TK-100175,MER-0057,2026-04-13 12:56:00,email,Where is our payout for 13 Apr?,"We have not received settlement for 13 Apr 2026. This is the second time this month. Can someone check the batch on your side and come back to me today, we have suppliers waiting.",resolved,PN100076873
TK-100176,MER-0043,2026-03-05 19:51:00,email,Fee does not match our agreement,Our finance team has reviewed the statement and the fee charged looks higher than the rate we agreed in the addendum. We understood the new rate applies from April. Please clarify.,closed,PN100147279
TK-100177,MER-0028,2026-04-07 13:07:00,email,API returning 401 after key rotation,"Question on statuses: if a payment sits at pending, how long before we can treat it as failed? Our checkout currently waits 30 seconds then gives up.",closed,PN100112790
TK-100178,MER-0044,2026-03-26 10:29:00,whatsapp,Settlement not received for 26 Mar,"Good morning team. We reconciled our till this morning and the payout for 26 Mar 2026 has still not hit our FCA account. Our records show 3,311.51 collected. Please advise when we should expect it.",open,PN100045432
TK-100179,MER-0017,2026-03-07 09:18:00,email,Fee does not match our agreement,Can you send a breakdown of fees for the period? We need it for our audit and the summary figure alone is not enough.,closed,PN100057629
TK-100180,MER-0009,2026-03-25 14:37:00,portal,Funds still not in our account,"We have not received settlement for 25 Mar 2026. This is the second time this month. Can someone check the batch on your side and come back to me today, we have suppliers waiting.",open,PN100106894
TK-100181,MER-0051,2026-03-11 17:26:00,email,Change of bank account details,Kindly send the statement for last month in Excel rather than PDF.,closed,PN100003411
TK-100182,MER-0050,2026-03-26 14:27:00,email,Fee does not match our agreement,Our finance team has reviewed the statement and the fee charged looks higher than the rate we agreed in the addendum. We understood the new rate applies from April. Please clarify.,pending_merchant,
TK-100183,MER-0062,2026-03-24 12:35:00,whatsapp,Transaction PN100169091 failed on checkout,"A customer tried to pay 166.13 and got an error on the checkout page, but they are telling me their wallet was debited. Transaction ref is PN100169091. Please reverse or confirm.",closed,PN100169091
TK-100184,MER-0042,2026-03-28 11:52:00,whatsapp,Customer payment failed but was debited,"A customer tried to pay n/a and got an error on the checkout page, but they are telling me their wallet was debited. Transaction ref is not recorded. Please reverse or confirm.",open,
TK-100185,MER-0018,2026-04-21 09:12:00,phone,Payment declined repeatedly,We are seeing a lot of declines this afternoon on mobile money. Ref not recorded is one example. Is there a problem on the rail side or is it us?,closed,
TK-100186,MER-0051,2026-04-05 18:40:00,email,Callback not firing on our staging environment,"We rotated our API key yesterday and now every request returns {""error"":""unauthorised""}. Nothing else changed on our side. Can you check whether the old key is still active?",pending_merchant,PN100099666
TK-100187,MER-0013,2026-04-29 16:28:00,email,Please reverse duplicate charge,"We need to refund 4.64 on PN100004090, the goods were returned. What is the process and how long does it take to reflect?",resolved,PN100004090
TK-100188,MER-0003,2026-03-11 17:39:00,whatsapp,Funds still not in our account,"We have not received settlement for 11 Mar 2026. This is the second time this month. Can someone check the batch on your side and come back to me today, we have suppliers waiting.",pending_merchant,PN100167738
TK-100189,MER-0004,2026-04-06 06:32:00,portal,Transaction n/a failed on checkout,Customer says payment went through on their phone but our dashboard shows failed. not recorded. They are in the shop now and refusing to pay again.,open,
TK-100190,MER-0006,2026-04-29 06:24:00,email,API returning 401 after key rotation,"Our callback endpoint is not receiving anything for successful payments, though the dashboard shows them as successful. We are on the v2 integration. Logs attached in the portal.",resolved,PN100144286
TK-100191,MER-0006,2026-03-08 15:30:00,phone,API returning 401 after key rotation,"We rotated our API key yesterday and now every request returns {""error"":""unauthorised""}. Nothing else changed on our side. Can you check whether the old key is still active?",closed,PN100142193
TK-100192,MER-0012,2026-04-02 17:39:00,email,Possible fraudulent payments overnight,"We had a series of small payments overnight from what looks like the same payer, all just under our review threshold. One ref is PN100099724. Can you block that payer and advise on next steps?",resolved,PN100099724
TK-100193,MER-0037,2026-03-07 12:05:00,whatsapp,Callback not firing on our staging environment,"Our callback endpoint is not receiving anything for successful payments, though the dashboard shows them as successful. We are on the v2 integration. Logs attached in the portal.",open,PN100090899
TK-100194,MER-0053,2026-03-27 13:51:00,whatsapp,How do we handle the pending status?,"Question on statuses: if a payment sits at pending, how long before we can treat it as failed? Our checkout currently waits 30 seconds then gives up.",resolved,
TK-100195,MER-0015,2026-03-04 10:51:00,whatsapp,Transaction n/a failed on checkout,We are seeing a lot of declines this afternoon on mobile money. Ref not recorded is one example. Is there a problem on the rail side or is it us?,pending_merchant,
TK-100196,MER-0024,2026-04-18 17:10:00,portal,Payment declined repeatedly,We are seeing a lot of declines this afternoon on mobile money. Ref PN100114562 is one example. Is there a problem on the rail side or is it us?,closed,PN100114562
TK-100197,MER-0022,2026-03-10 14:06:00,email,Where is our payout for 10 Mar?,"We have not received settlement for 10 Mar 2026. This is the second time this month. Can someone check the batch on your side and come back to me today, we have suppliers waiting.",resolved,PN100042959
TK-100198,MER-0041,2026-03-12 07:49:00,portal,Settlement not received for 12 Mar,"We have not received settlement for 12 Mar 2026. This is the second time this month. Can someone check the batch on your side and come back to me today, we have suppliers waiting.",resolved,PN100165416
TK-100199,MER-0050,2026-04-05 08:53:00,email,Possible fraudulent payments overnight,"We had a series of small payments overnight from what looks like the same payer, all just under our review threshold. One ref is PN100044890. Can you block that payer and advise on next steps?",resolved,PN100044890
TK-100200,MER-0032,2026-03-11 06:18:00,email,Callback not firing on our staging environment,"Our callback endpoint is not receiving anything for successful payments, though the dashboard shows them as successful. We are on the v2 integration. Logs attached in the portal.",closed,
TK-100201,MER-0003,2026-03-20 14:22:00,whatsapp,Request for statement,Please add our new finance officer to the merchant portal with view only access.,pending_merchant,PN100140141
TK-100202,MER-0028,2026-04-16 11:40:00,email,Transaction PN100053628 failed on checkout,"A customer tried to pay 5.20 and got an error on the checkout page, but they are telling me their wallet was debited. Transaction ref is PN100053628. Please reverse or confirm.",pending_merchant,PN100053628
TK-100203,MER-0018,2026-03-15 09:41:00,portal,Query on fees charged this month,Can you send a breakdown of fees for the period? We need it for our audit and the summary figure alone is not enough.,pending_merchant,PN100040805
TK-100204,MER-0060,2026-03-30 09:37:00,email,Payment declined repeatedly,We are seeing a lot of declines this afternoon on mobile money. Ref not recorded is one example. Is there a problem on the rail side or is it us?,open,
TK-100205,MER-0014,2026-04-19 07:40:00,email,Change of bank account details,We are changing our settlement bank. What documents do you need from us?,resolved,PN100124039
TK-100206,MER-0046,2026-04-08 17:06:00,whatsapp,Settlement not received for 08 Apr,"Hie, kindly confirm status of our settlement. Amount expected is around 95.04. Ref PN100012104.",pending_merchant,PN100012104
TK-100207,MER-0028,2026-03-22 08:44:00,portal,Transaction PN100075098 failed on checkout,"A customer tried to pay 6.65 and got an error on the checkout page, but they are telling me their wallet was debited. Transaction ref is PN100075098. Please reverse or confirm.",closed,PN100075098
TK-100208,MER-0056,2026-03-06 09:31:00,whatsapp,Add a user to our portal,Kindly send the statement for last month in Excel rather than PDF.,closed,PN100157107
TK-100209,MER-0039,2026-04-28 16:35:00,email,Query on fees charged this month,Can you send a breakdown of fees for the period? We need it for our audit and the summary figure alone is not enough.,resolved,PN100029259
TK-100210,MER-0038,2026-03-25 12:19:00,email,Request for fee breakdown,Our finance team has reviewed the statement and the fee charged looks higher than the rate we agreed in the addendum. We understood the new rate applies from April. Please clarify.,resolved,PN100124874
TK-100211,MER-0027,2026-04-19 11:45:00,whatsapp,Callback not firing on our staging environment,"We rotated our API key yesterday and now every request returns {""error"":""unauthorised""}. Nothing else changed on our side. Can you check whether the old key is still active?",resolved,PN100114879
TK-100212,MER-0011,2026-03-02 14:57:00,portal,Customer double charged,"Customer was charged twice for the same order. Please reverse one of them. Ref PN100092572, amount 34.72. She has been calling since yesterday.",closed,PN100092572
TK-100213,MER-0058,2026-04-12 08:22:00,email,API returning 401 after key rotation,"Our callback endpoint is not receiving anything for successful payments, though the dashboard shows them as successful. We are on the v2 integration. Logs attached in the portal.",open,
TK-100214,MER-0011,2026-04-27 12:46:00,email,Payment declined repeatedly,Customer says payment went through on their phone but our dashboard shows failed. PN100040612. They are in the shop now and refusing to pay again.,resolved,PN100040612
TK-100215,MER-0017,2026-04-21 08:47:00,whatsapp,Customer payment failed but was debited,"A customer tried to pay n/a and got an error on the checkout page, but they are telling me their wallet was debited. Transaction ref is not recorded. Please reverse or confirm.",open,
TK-100216,MER-0002,2026-03-20 15:58:00,phone,Customer payment failed but was debited,We are seeing a lot of declines this afternoon on mobile money. Ref not recorded is one example. Is there a problem on the rail side or is it us?,pending_merchant,
TK-100217,MER-0006,2026-04-04 11:02:00,portal,Refund request for n/a,"We need to refund n/a on not recorded, the goods were returned. What is the process and how long does it take to reflect?",open,
TK-100218,MER-0047,2026-03-29 08:56:00,portal,How do we handle the pending status?,"Our callback endpoint is not receiving anything for successful payments, though the dashboard shows them as successful. We are on the v2 integration. Logs attached in the portal.",resolved,PN100082167
TK-100219,MER-0061,2026-04-05 06:13:00,email,Payment declined repeatedly,We are seeing a lot of declines this afternoon on mobile money. Ref PN100077495 is one example. Is there a problem on the rail side or is it us?,pending_merchant,PN100077495
TK-100220,MER-0051,2026-04-03 09:20:00,portal,Payment declined repeatedly,Customer says payment went through on their phone but our dashboard shows failed. PN100013464. They are in the shop now and refusing to pay again.,closed,PN100013464
TK-100221,MER-0038,2026-03-22 19:31:00,email,Request for statement,We are changing our settlement bank. What documents do you need from us?,resolved,
TK-100222,MER-0047,2026-04-17 11:03:00,email,Customer payment failed but was debited,"A customer tried to pay n/a and got an error on the checkout page, but they are telling me their wallet was debited. Transaction ref is not recorded. Please reverse or confirm.",closed,
TK-100223,MER-0024,2026-04-27 06:44:00,portal,Request for fee breakdown,Can you send a breakdown of fees for the period? We need it for our audit and the summary figure alone is not enough.,pending_merchant,PN100178617
TK-100224,MER-0058,2026-03-26 12:58:00,email,Customer payment failed but was debited,Customer says payment went through on their phone but our dashboard shows failed. PN100094302. They are in the shop now and refusing to pay again.,open,PN100094302
TK-100225,MER-0048,2026-04-28 13:39:00,email,Fee does not match our agreement,Can you send a breakdown of fees for the period? We need it for our audit and the summary figure alone is not enough.,open,PN100083138
TK-100226,MER-0049,2026-04-26 07:20:00,portal,Please reverse duplicate charge,"Customer was charged twice for the same order. Please reverse one of them. Ref PN100059319, amount 1.75. She has been calling since yesterday.",resolved,PN100059319
TK-100227,MER-0028,2026-03-29 16:51:00,email,Query on fees charged this month,Can you send a breakdown of fees for the period? We need it for our audit and the summary figure alone is not enough.,resolved,PN100106864
TK-100228,MER-0044,2026-03-12 06:02:00,email,Change of bank account details,We are changing our settlement bank. What documents do you need from us?,resolved,
TK-100229,MER-0047,2026-04-13 17:29:00,phone,Customer payment failed but was debited,We are seeing a lot of declines this afternoon on mobile money. Ref not recorded is one example. Is there a problem on the rail side or is it us?,closed,
TK-100230,MER-0031,2026-03-26 15:40:00,whatsapp,Payment declined repeatedly,"A customer tried to pay 1.94 and got an error on the checkout page, but they are telling me their wallet was debited. Transaction ref is PN100163988. Please reverse or confirm.",closed,PN100163988
TK-100231,MER-0037,2026-03-08 18:24:00,whatsapp,Query on fees charged this month,Can you send a breakdown of fees for the period? We need it for our audit and the summary figure alone is not enough.,closed,
TK-100232,MER-0055,2026-03-17 11:32:00,email,Settlement not received for 17 Mar,"Hie, kindly confirm status of our settlement. Amount expected is around 21.59. Ref PN100027342.",resolved,PN100027342
TK-100233,MER-0026,2026-04-09 09:10:00,portal,Possible fraudulent payments overnight,"We had a series of small payments overnight from what looks like the same payer, all just under our review threshold. One ref is not recorded. Can you block that payer and advise on next steps?",pending_merchant,
TK-100234,MER-0051,2026-03-30 07:00:00,email,Payment declined repeatedly,Customer says payment went through on their phone but our dashboard shows failed. PN100032748. They are in the shop now and refusing to pay again.,resolved,PN100032748
TK-100235,MER-0032,2026-04-27 16:58:00,whatsapp,API returning 401 after key rotation,"We rotated our API key yesterday and now every request returns {""error"":""unauthorised""}. Nothing else changed on our side. Can you check whether the old key is still active?",open,PN100157631
TK-100236,MER-0023,2026-04-09 07:42:00,email,Please reverse duplicate charge,"We need to refund 3.15 on PN100159738, the goods were returned. What is the process and how long does it take to reflect?",closed,PN100159738
TK-100237,MER-0042,2026-03-07 18:08:00,email,Customer double charged,"Customer was charged twice for the same order. Please reverse one of them. Ref not recorded, amount n/a. She has been calling since yesterday.",closed,
TK-100238,MER-0018,2026-03-22 15:28:00,email,Callback not firing on our staging environment,"We rotated our API key yesterday and now every request returns {""error"":""unauthorised""}. Nothing else changed on our side. Can you check whether the old key is still active?",resolved,PN100101906
TK-100239,MER-0059,2026-03-06 11:37:00,whatsapp,API returning 401 after key rotation,"Question on statuses: if a payment sits at pending, how long before we can treat it as failed? Our checkout currently waits 30 seconds then gives up.",pending_merchant,PN100141293
TK-100240,MER-0016,2026-03-26 17:11:00,whatsapp,Callback not firing on our staging environment,"We rotated our API key yesterday and now every request returns {""error"":""unauthorised""}. Nothing else changed on our side. Can you check whether the old key is still active?",resolved,
TK-100241,MER-0009,2026-03-03 10:43:00,phone,Suspicious transaction pattern,"We had a series of small payments overnight from what looks like the same payer, all just under our review threshold. One ref is PN100006506. Can you block that payer and advise on next steps?",open,PN100006506
TK-100242,MER-0061,2026-04-11 18:46:00,portal,Settlement not received for 11 Apr,"We have not received settlement for 11 Apr 2026. This is the second time this month. Can someone check the batch on your side and come back to me today, we have suppliers waiting.",resolved,PN100151320
TK-100243,MER-0009,2026-03-13 08:18:00,whatsapp,Settlement not received for 13 Mar,"Hie, kindly confirm status of our settlement. Amount expected is around n/a. Ref not recorded.",resolved,
TK-100244,MER-0005,2026-04-14 06:27:00,email,Please reverse duplicate charge,"We need to refund 11.02 on PN100115676, the goods were returned. What is the process and how long does it take to reflect?",resolved,PN100115676
TK-100245,MER-0051,2026-04-20 08:23:00,portal,Customer payment failed but was debited,"Customer says payment went through on their phone but our dashboard shows failed. PN100133868. They are in the shop now and refusing to pay again.
Sent from my mobile device",resolved,PN100133868
TK-100246,MER-0032,2026-03-25 07:34:00,email,Transaction PN100027580 failed on checkout,We are seeing a lot of declines this afternoon on mobile money. Ref PN100027580 is one example. Is there a problem on the rail side or is it us?,pending_merchant,PN100027580
TK-100247,MER-0015,2026-04-26 07:18:00,portal,Request for fee breakdown,Can you send a breakdown of fees for the period? We need it for our audit and the summary figure alone is not enough.,resolved,
TK-100248,MER-0033,2026-03-29 15:32:00,whatsapp,Please reverse duplicate charge,"We need to refund n/a on not recorded, the goods were returned. What is the process and how long does it take to reflect?",open,
TK-100249,MER-0008,2026-04-24 18:16:00,email,Customer double charged,"We need to refund 16.43 on PN100164055, the goods were returned. What is the process and how long does it take to reflect?",closed,PN100164055
TK-100250,MER-0007,2026-03-23 07:50:00,email,Where is our payout for 23 Mar?,"Hie, kindly confirm status of our settlement. Amount expected is around 281.32. Ref PN100177293.",resolved,PN100177293
TK-100251,MER-0031,2026-03-29 11:00:00,email,Settlement not received for 29 Mar,Good morning team. We reconciled our till this morning and the payout for 29 Mar 2026 has still not hit our FCA account. Our records show 83.54 collected. Please advise when we should expect it.,open,PN100101088
TK-100252,MER-0037,2026-04-16 08:16:00,portal,Settlement not received for 16 Apr,Good morning team. We reconciled our till this morning and the payout for 16 Apr 2026 has still not hit our FCA account. Our records show 13.45 collected. Please advise when we should expect it.,open,PN100090899
TK-100253,MER-0045,2026-03-04 19:57:00,email,Transaction n/a failed on checkout,"A customer tried to pay n/a and got an error on the checkout page, but they are telling me their wallet was debited. Transaction ref is not recorded. Please reverse or confirm.",resolved,
TK-100254,MER-0002,2026-03-03 18:19:00,phone,API returning 401 after key rotation,"Question on statuses: if a payment sits at pending, how long before we can treat it as failed? Our checkout currently waits 30 seconds then gives up.",closed,PN100073491
TK-100255,MER-0062,2026-03-05 11:24:00,email,Callback not firing on our staging environment,"Question on statuses: if a payment sits at pending, how long before we can treat it as failed? Our checkout currently waits 30 seconds then gives up.",open,
TK-100256,MER-0028,2026-04-16 06:24:00,whatsapp,Transaction PN100078671 failed on checkout,We are seeing a lot of declines this afternoon on mobile money. Ref PN100078671 is one example. Is there a problem on the rail side or is it us?,closed,PN100078671
TK-100257,MER-0029,2026-04-17 19:58:00,email,Transaction n/a failed on checkout,We are seeing a lot of declines this afternoon on mobile money. Ref not recorded is one example. Is there a problem on the rail side or is it us?,resolved,
TK-100258,MER-0018,2026-03-16 16:29:00,portal,Customer double charged,"We need to refund 345.61 on PN100072920, the goods were returned. What is the process and how long does it take to reflect?",closed,PN100072920
TK-100259,MER-0053,2026-03-14 08:07:00,email,Customer payment failed but was debited,"A customer tried to pay 101.29 and got an error on the checkout page, but they are telling me their wallet was debited. Transaction ref is PN100089834. Please reverse or confirm.",closed,PN100089834
TK-100260,MER-0038,2026-04-02 10:11:00,email,Funds still not in our account,Good morning team. We reconciled our till this morning and the payout for 02 Apr 2026 has still not hit our FCA account. Our records show 19.85 collected. Please advise when we should expect it.,open,PN100171272
TK-100261,MER-0001,2026-03-22 12:14:00,portal,Request for fee breakdown,Our finance team has reviewed the statement and the fee charged looks higher than the rate we agreed in the addendum. We understood the new rate applies from April. Please clarify.,resolved,PN100128675
TK-100262,MER-0009,2026-04-15 10:43:00,phone,Refund request for PN100059149,"We need to refund 4.63 on PN100059149, the goods were returned. What is the process and how long does it take to reflect?",open,PN100059149
TK-100263,MER-0012,2026-04-25 09:53:00,email,Customer payment failed but was debited,We are seeing a lot of declines this afternoon on mobile money. Ref not recorded is one example. Is there a problem on the rail side or is it us?,resolved,
TK-100264,MER-0053,2026-04-05 07:10:00,email,Change of bank account details,Kindly send the statement for last month in Excel rather than PDF.,resolved,PN100072385
TK-100265,MER-0041,2026-04-20 17:07:00,email,Customer payment failed but was debited,Customer says payment went through on their phone but our dashboard shows failed. PN100142229. They are in the shop now and refusing to pay again.,resolved,PN100142229
TK-100266,MER-0002,2026-03-07 11:16:00,portal,Add a user to our portal,Kindly send the statement for last month in Excel rather than PDF.,open,PN100138390
TK-100267,MER-0005,2026-04-25 12:12:00,email,Transaction n/a failed on checkout,Customer says payment went through on their phone but our dashboard shows failed. not recorded. They are in the shop now and refusing to pay again.,resolved,
TK-100268,MER-0005,2026-03-18 14:12:00,email,Transaction n/a failed on checkout,Customer says payment went through on their phone but our dashboard shows failed. not recorded. They are in the shop now and refusing to pay again.,open,
TK-100269,MER-0008,2026-03-14 14:32:00,email,Change of bank account details,We are changing our settlement bank. What documents do you need from us?,resolved,PN100005926
TK-100270,MER-0018,2026-03-30 13:12:00,whatsapp,Callback not firing on our staging environment,"Question on statuses: if a payment sits at pending, how long before we can treat it as failed? Our checkout currently waits 30 seconds then gives up.",pending_merchant,PN100025275
TK-100271,MER-0015,2026-04-09 15:37:00,portal,How do we handle the pending status?,"Question on statuses: if a payment sits at pending, how long before we can treat it as failed? Our checkout currently waits 30 seconds then gives up.",closed,PN100048002
TK-100272,MER-0043,2026-04-25 11:18:00,email,Refund request for PN100033196,"We need to refund 26.39 on PN100033196, the goods were returned. What is the process and how long does it take to reflect?",closed,PN100033196
TK-100273,MER-0054,2026-03-18 18:25:00,whatsapp,Please reverse duplicate charge,"Customer was charged twice for the same order. Please reverse one of them. Ref PN100107067, amount 4.77. She has been calling since yesterday.",pending_merchant,PN100107067
TK-100274,MER-0020,2026-03-28 16:44:00,whatsapp,Transaction PN100149615 failed on checkout,"A customer tried to pay 28.84 and got an error on the checkout page, but they are telling me their wallet was debited. Transaction ref is PN100149615. Please reverse or confirm.",resolved,PN100149615
TK-100275,MER-0025,2026-04-20 16:37:00,portal,Transaction PN100084906 failed on checkout,"A customer tried to pay 0.97 and got an error on the checkout page, but they are telling me their wallet was debited. Transaction ref is PN100084906. Please reverse or confirm.",closed,PN100084906
TK-100276,MER-0047,2026-04-25 07:36:00,whatsapp,Settlement not received for 25 Apr,Good morning team. We reconciled our till this morning and the payout for 25 Apr 2026 has still not hit our FCA account. Our records show 67.64 collected. Please advise when we should expect it.,resolved,PN100010861
TK-100277,MER-0040,2026-04-05 06:22:00,whatsapp,Possible fraudulent payments overnight,"We had a series of small payments overnight from what looks like the same payer, all just under our review threshold. One ref is PN100037127. Can you block that payer and advise on next steps?",closed,PN100037127
TK-100278,MER-0027,2026-04-12 07:47:00,phone,Settlement not received for 12 Apr,"Hie, kindly confirm status of our settlement. Amount expected is around 2.66. Ref PN100044266.",open,PN100044266
TK-100279,MER-0058,2026-03-19 06:30:00,email,Please reverse duplicate charge,"We need to refund 270.30 on PN100044406, the goods were returned. What is the process and how long does it take to reflect?",resolved,PN100044406
TK-100280,MER-0062,2026-03-21 08:27:00,email,Payment declined repeatedly,Customer says payment went through on their phone but our dashboard shows failed. PN100032944. They are in the shop now and refusing to pay again.,pending_merchant,PN100032944
TK-100281,MER-0052,2026-03-25 14:43:00,portal,Request for fee breakdown,Can you send a breakdown of fees for the period? We need it for our audit and the summary figure alone is not enough.,open,PN100006118
TK-100282,MER-0050,2026-03-25 07:46:00,portal,Transaction PN100171602 failed on checkout,We are seeing a lot of declines this afternoon on mobile money. Ref PN100171602 is one example. Is there a problem on the rail side or is it us?,closed,PN100171602
TK-100283,MER-0040,2026-03-16 13:13:00,portal,Fee does not match our agreement,Can you send a breakdown of fees for the period? We need it for our audit and the summary figure alone is not enough.,closed,PN100053611
TK-100284,MER-0031,2026-03-02 11:13:00,email,Payment declined repeatedly,We are seeing a lot of declines this afternoon on mobile money. Ref PN100047130 is one example. Is there a problem on the rail side or is it us?,resolved,PN100047130
TK-100285,MER-0048,2026-04-19 09:03:00,whatsapp,Funds still not in our account,"We have not received settlement for 19 Apr 2026. This is the second time this month. Can someone check the batch on your side and come back to me today, we have suppliers waiting.",resolved,
TK-100286,MER-0049,2026-03-16 09:38:00,email,Customer double charged,"Customer was charged twice for the same order. Please reverse one of them. Ref PN100018618, amount 2.90. She has been calling since yesterday.
Sent from my mobile device",closed,PN100018618
TK-100287,MER-0049,2026-03-29 12:39:00,portal,Funds still not in our account,Good morning team. We reconciled our till this morning and the payout for 29 Mar 2026 has still not hit our FCA account. Our records show 2.50 collected. Please advise when we should expect it.,open,PN100100665
TK-100288,MER-0061,2026-03-23 16:05:00,portal,Query on fees charged this month,Can you send a breakdown of fees for the period? We need it for our audit and the summary figure alone is not enough.,closed,PN100051220
TK-100289,MER-0012,2026-04-02 14:00:00,portal,API returning 401 after key rotation,"We rotated our API key yesterday and now every request returns {""error"":""unauthorised""}. Nothing else changed on our side. Can you check whether the old key is still active?",closed,PN100063804
TK-100290,MER-0023,2026-04-22 14:01:00,email,Fee does not match our agreement,Our finance team has reviewed the statement and the fee charged looks higher than the rate we agreed in the addendum. We understood the new rate applies from April. Please clarify.,pending_merchant,
TK-100291,MER-0002,2026-03-25 08:33:00,email,Customer payment failed but was debited,We are seeing a lot of declines this afternoon on mobile money. Ref PN100073491 is one example. Is there a problem on the rail side or is it us?,closed,PN100073491
TK-100292,MER-0020,2026-03-23 15:39:00,email,Request for fee breakdown,Our finance team has reviewed the statement and the fee charged looks higher than the rate we agreed in the addendum. We understood the new rate applies from April. Please clarify.,resolved,PN100101741
TK-100293,MER-0004,2026-03-10 07:00:00,phone,Where is our payout for 10 Mar?,"Hie, kindly confirm status of our settlement. Amount expected is around n/a. Ref not recorded.",open,
TK-100294,MER-0048,2026-03-27 07:09:00,portal,Settlement not received for 27 Mar,"Hie, kindly confirm status of our settlement. Amount expected is around 6.47. Ref PN100063011.",open,PN100063011
TK-100295,MER-0022,2026-04-09 18:45:00,email,Query on fees charged this month,Our finance team has reviewed the statement and the fee charged looks higher than the rate we agreed in the addendum. We understood the new rate applies from April. Please clarify.,resolved,PN100166195
TK-100296,MER-0007,2026-03-15 15:09:00,whatsapp,Payment declined repeatedly,We are seeing a lot of declines this afternoon on mobile money. Ref not recorded is one example. Is there a problem on the rail side or is it us?,open,
TK-100297,MER-0038,2026-04-21 18:21:00,whatsapp,API returning 401 after key rotation,"Question on statuses: if a payment sits at pending, how long before we can treat it as failed? Our checkout currently waits 30 seconds then gives up.",closed,PN100172646
TK-100298,MER-0042,2026-04-30 07:17:00,email,Possible fraudulent payments overnight,"We had a series of small payments overnight from what looks like the same payer, all just under our review threshold. One ref is not recorded. Can you block that payer and advise on next steps?",closed,
TK-100299,MER-0047,2026-04-29 16:18:00,whatsapp,How do we handle the pending status?,"Question on statuses: if a payment sits at pending, how long before we can treat it as failed? Our checkout currently waits 30 seconds then gives up.",open,PN100136284
TK-100300,MER-0039,2026-03-15 12:36:00,email,Payment declined repeatedly,"A customer tried to pay 118.65 and got an error on the checkout page, but they are telling me their wallet was debited. Transaction ref is PN100108019. Please reverse or confirm.",pending_merchant,PN100108019
TK-100301,MER-0030,2026-04-20 19:07:00,email,Add a user to our portal,Kindly send the statement for last month in Excel rather than PDF.,resolved,PN100176199
TK-100302,MER-0009,2026-03-29 07:05:00,email,Change of bank account details,Kindly send the statement for last month in Excel rather than PDF.,pending_merchant,PN100015137
TK-100303,MER-0052,2026-03-02 11:40:00,email,Where is our payout for 02 Mar?,"We have not received settlement for 02 Mar 2026. This is the second time this month. Can someone check the batch on your side and come back to me today, we have suppliers waiting.",resolved,PN100116106
TK-100304,MER-0036,2026-04-23 19:48:00,portal,Payment declined repeatedly,We are seeing a lot of declines this afternoon on mobile money. Ref PN100160319 is one example. Is there a problem on the rail side or is it us?,resolved,PN100160319
TK-100305,MER-0059,2026-03-03 08:57:00,portal,Customer payment failed but was debited,"A customer tried to pay 1.86 and got an error on the checkout page, but they are telling me their wallet was debited. Transaction ref is PN100099958. Please reverse or confirm.",closed,PN100099958
TK-100306,MER-0038,2026-04-09 11:32:00,email,Customer double charged,"Customer was charged twice for the same order. Please reverse one of them. Ref PN100169149, amount 1.61. She has been calling since yesterday.",closed,PN100169149
TK-100307,MER-0033,2026-04-09 08:33:00,portal,Where is our payout for 09 Apr?,"Hie, kindly confirm status of our settlement. Amount expected is around n/a. Ref not recorded.",pending_merchant,
TK-100308,MER-0045,2026-04-17 06:03:00,phone,Customer payment failed but was debited,We are seeing a lot of declines this afternoon on mobile money. Ref PN100014903 is one example. Is there a problem on the rail side or is it us?,closed,PN100014903
TK-100309,MER-0003,2026-04-05 18:49:00,email,Transaction PN100152290 failed on checkout,Customer says payment went through on their phone but our dashboard shows failed. PN100152290. They are in the shop now and refusing to pay again.,open,PN100152290
TK-100310,MER-0034,2026-03-13 19:44:00,portal,Please reverse duplicate charge,"Customer was charged twice for the same order. Please reverse one of them. Ref PN100172343, amount 30.66. She has been calling since yesterday.",closed,PN100172343
TK-100311,MER-0022,2026-04-18 19:19:00,whatsapp,Payment declined repeatedly,We are seeing a lot of declines this afternoon on mobile money. Ref not recorded is one example. Is there a problem on the rail side or is it us?,open,
TK-100312,MER-0046,2026-03-17 11:23:00,portal,Funds still not in our account,"We have not received settlement for 17 Mar 2026. This is the second time this month. Can someone check the batch on your side and come back to me today, we have suppliers waiting.",open,PN100058116
TK-100313,MER-0038,2026-04-24 14:13:00,phone,Where is our payout for 24 Apr?,"We have not received settlement for 24 Apr 2026. This is the second time this month. Can someone check the batch on your side and come back to me today, we have suppliers waiting.",resolved,
TK-100314,MER-0020,2026-03-27 18:51:00,whatsapp,Callback not firing on our staging environment,"Question on statuses: if a payment sits at pending, how long before we can treat it as failed? Our checkout currently waits 30 seconds then gives up.",resolved,PN100019068
TK-100315,MER-0043,2026-03-08 12:05:00,email,Callback not firing on our staging environment,"Our callback endpoint is not receiving anything for successful payments, though the dashboard shows them as successful. We are on the v2 integration. Logs attached in the portal.",open,PN100175613
TK-100316,MER-0043,2026-04-20 10:01:00,email,API returning 401 after key rotation,"Our callback endpoint is not receiving anything for successful payments, though the dashboard shows them as successful. We are on the v2 integration. Logs attached in the portal.",open,PN100019031
TK-100317,MER-0054,2026-04-26 18:40:00,email,Settlement not received for 26 Apr,Good morning team. We reconciled our till this morning and the payout for 26 Apr 2026 has still not hit our FCA account. Our records show n/a collected. Please advise when we should expect it.,resolved,
TK-100318,MER-0025,2026-04-28 09:04:00,portal,Where is our payout for 28 Apr?,Good morning team. We reconciled our till this morning and the payout for 28 Apr 2026 has still not hit our FCA account. Our records show 15.29 collected. Please advise when we should expect it.,pending_merchant,PN100153226
TK-100319,MER-0052,2026-03-22 06:30:00,email,Transaction PN100147763 failed on checkout,We are seeing a lot of declines this afternoon on mobile money. Ref PN100147763 is one example. Is there a problem on the rail side or is it us?,resolved,PN100147763
TK-100320,MER-0047,2026-03-03 19:04:00,whatsapp,Customer double charged,"We need to refund 52.04 on PN100172857, the goods were returned. What is the process and how long does it take to reflect?",closed,PN100172857
TK-100321,MER-0054,2026-03-29 10:29:00,email,Transaction PN100108989 failed on checkout,Customer says payment went through on their phone but our dashboard shows failed. PN100108989. They are in the shop now and refusing to pay again.,resolved,PN100108989
TK-100322,MER-0041,2026-04-28 06:23:00,email,Transaction PN100139728 failed on checkout,Customer says payment went through on their phone but our dashboard shows failed. PN100139728. They are in the shop now and refusing to pay again.,open,PN100139728
TK-100323,MER-0038,2026-03-16 14:37:00,whatsapp,Transaction PN100147087 failed on checkout,We are seeing a lot of declines this afternoon on mobile money. Ref PN100147087 is one example. Is there a problem on the rail side or is it us?,resolved,PN100147087
TK-100324,MER-0032,2026-03-13 09:31:00,phone,Customer double charged,"Customer was charged twice for the same order. Please reverse one of them. Ref PN100032568, amount 1.70. She has been calling since yesterday.",pending_merchant,PN100032568
TK-100325,MER-0020,2026-04-04 07:30:00,email,Refund request for PN100059589,"Customer was charged twice for the same order. Please reverse one of them. Ref PN100059589, amount 101.04. She has been calling since yesterday.",resolved,PN100059589
TK-100326,MER-0048,2026-04-12 11:27:00,phone,Transaction PN100028972 failed on checkout,We are seeing a lot of declines this afternoon on mobile money. Ref PN100028972 is one example. Is there a problem on the rail side or is it us?,open,PN100028972
TK-100327,MER-0062,2026-04-19 10:05:00,portal,Customer double charged,"Customer was charged twice for the same order. Please reverse one of them. Ref PN100112315, amount 26.25. She has been calling since yesterday.",resolved,PN100112315
TK-100328,MER-0020,2026-03-09 19:46:00,portal,Settlement not received for 09 Mar,"We have not received settlement for 09 Mar 2026. This is the second time this month. Can someone check the batch on your side and come back to me today, we have suppliers waiting.",closed,PN100127352
TK-100329,MER-0061,2026-03-13 15:51:00,portal,Query on fees charged this month,Can you send a breakdown of fees for the period? We need it for our audit and the summary figure alone is not enough.,open,PN100068654
TK-100330,MER-0012,2026-03-27 19:24:00,email,Where is our payout for 27 Mar?,"Hie, kindly confirm status of our settlement. Amount expected is around 3.99. Ref PN100025866.",open,PN100025866
TK-100331,MER-0022,2026-04-13 13:05:00,portal,Payment declined repeatedly,We are seeing a lot of declines this afternoon on mobile money. Ref not recorded is one example. Is there a problem on the rail side or is it us?,open,
TK-100332,MER-0013,2026-04-01 17:50:00,phone,Customer payment failed but was debited,"A customer tried to pay 20.71 and got an error on the checkout page, but they are telling me their wallet was debited. Transaction ref is PN100140239. Please reverse or confirm.",resolved,PN100140239
TK-100333,MER-0034,2026-04-08 16:26:00,whatsapp,Funds still not in our account,"Hie, kindly confirm status of our settlement. Amount expected is around 129.85. Ref PN100119379.",closed,PN100119379
TK-100334,MER-0047,2026-03-27 18:19:00,email,API returning 401 after key rotation,"Question on statuses: if a payment sits at pending, how long before we can treat it as failed? Our checkout currently waits 30 seconds then gives up.",open,
TK-100335,MER-0059,2026-04-03 08:37:00,email,Query on fees charged this month,Our finance team has reviewed the statement and the fee charged looks higher than the rate we agreed in the addendum. We understood the new rate applies from April. Please clarify.,pending_merchant,
TK-100336,MER-0001,2026-04-29 11:42:00,portal,Where is our payout for 29 Apr?,Good morning team. We reconciled our till this morning and the payout for 29 Apr 2026 has still not hit our FCA account. Our records show 446.17 collected. Please advise when we should expect it.,resolved,PN100163498
TK-100337,MER-0024,2026-03-07 11:00:00,portal,Change of bank account details,Please add our new finance officer to the merchant portal with view only access.,closed,PN100046124
TK-100338,MER-0029,2026-03-22 08:29:00,portal,Fee does not match our agreement,Can you send a breakdown of fees for the period? We need it for our audit and the summary figure alone is not enough.,open,PN100023410
TK-100339,MER-0046,2026-03-14 07:49:00,email,Customer payment failed but was debited,"A customer tried to pay 86.49 and got an error on the checkout page, but they are telling me their wallet was debited. Transaction ref is PN100141479. Please reverse or confirm.",open,PN100141479
TK-100340,MER-0030,2026-03-14 13:17:00,email,Callback not firing on our staging environment,"Question on statuses: if a payment sits at pending, how long before we can treat it as failed? Our checkout currently waits 30 seconds then gives up.",resolved,PN100045739
TK-100341,MER-0001,2026-04-21 19:46:00,email,Possible fraudulent payments overnight,"We had a series of small payments overnight from what looks like the same payer, all just under our review threshold. One ref is not recorded. Can you block that payer and advise on next steps?",closed,
TK-100342,MER-0022,2026-04-26 12:06:00,portal,Customer double charged,"We need to refund 33.90 on PN100063440, the goods were returned. What is the process and how long does it take to reflect?",open,PN100063440
TK-100343,MER-0028,2026-03-04 13:35:00,email,Add a user to our portal,We are changing our settlement bank. What documents do you need from us?,resolved,PN100008141
TK-100344,MER-0050,2026-03-13 13:27:00,portal,Possible fraudulent payments overnight,"We had a series of small payments overnight from what looks like the same payer, all just under our review threshold. One ref is PN100057364. Can you block that payer and advise on next steps?",resolved,PN100057364
TK-100345,MER-0002,2026-04-03 06:22:00,email,Funds still not in our account,"We have not received settlement for 03 Apr 2026. This is the second time this month. Can someone check the batch on your side and come back to me today, we have suppliers waiting.",closed,PN100034814
TK-100346,MER-0045,2026-03-06 10:18:00,email,Transaction PN100023473 failed on checkout,"A customer tried to pay 36.97 and got an error on the checkout page, but they are telling me their wallet was debited. Transaction ref is PN100023473. Please reverse or confirm.",pending_merchant,PN100023473
TK-100347,MER-0020,2026-04-16 18:26:00,whatsapp,Where is our payout for 16 Apr?,"Hie, kindly confirm status of our settlement. Amount expected is around 829.12. Ref PN100100758.",closed,PN100100758
TK-100348,MER-0030,2026-03-07 06:00:00,whatsapp,Change of bank account details,We are changing our settlement bank. What documents do you need from us?,resolved,
TK-100349,MER-0018,2026-03-19 11:25:00,email,Possible fraudulent payments overnight,"We had a series of small payments overnight from what looks like the same payer, all just under our review threshold. One ref is PN100120823. Can you block that payer and advise on next steps?",resolved,PN100120823
TK-100350,MER-0060,2026-03-05 18:52:00,portal,Refund request for PN100164682,"We need to refund 11.34 on PN100164682, the goods were returned. What is the process and how long does it take to reflect?",pending_merchant,PN100164682
TK-100351,MER-0005,2026-03-20 07:59:00,whatsapp,Funds still not in our account,Good morning team. We reconciled our till this morning and the payout for 20 Mar 2026 has still not hit our FCA account. Our records show 14.41 collected. Please advise when we should expect it.,pending_merchant,PN100161741
TK-100352,MER-0006,2026-03-15 15:35:00,email,Please reverse duplicate charge,"Customer was charged twice for the same order. Please reverse one of them. Ref not recorded, amount n/a. She has been calling since yesterday.",open,
TK-100353,MER-0038,2026-04-08 09:55:00,email,Customer payment failed but was debited,Customer says payment went through on their phone but our dashboard shows failed. PN100065287. They are in the shop now and refusing to pay again.,resolved,PN100065287
TK-100354,MER-0059,2026-03-06 06:41:00,email,Query on fees charged this month,Our finance team has reviewed the statement and the fee charged looks higher than the rate we agreed in the addendum. We understood the new rate applies from April. Please clarify.,closed,PN100090430
TK-100355,MER-0058,2026-04-14 08:21:00,email,Possible fraudulent payments overnight,"We had a series of small payments overnight from what looks like the same payer, all just under our review threshold. One ref is PN100115458. Can you block that payer and advise on next steps?",open,PN100115458
TK-100356,MER-0005,2026-04-23 06:54:00,portal,Customer payment failed but was debited,"A customer tried to pay 9.23 and got an error on the checkout page, but they are telling me their wallet was debited. Transaction ref is PN100110165. Please reverse or confirm.",resolved,PN100110165
TK-100357,MER-0032,2026-03-03 06:16:00,email,Payment declined repeatedly,"A customer tried to pay 58.81 and got an error on the checkout page, but they are telling me their wallet was debited. Transaction ref is PN100083434. Please reverse or confirm.",resolved,PN100083434
TK-100358,MER-0055,2026-04-02 06:36:00,email,Please reverse duplicate charge,"We need to refund 27.11 on PN100008404, the goods were returned. What is the process and how long does it take to reflect?",resolved,PN100008404
TK-100359,MER-0010,2026-04-20 06:46:00,email,Customer payment failed but was debited,We are seeing a lot of declines this afternoon on mobile money. Ref PN100116359 is one example. Is there a problem on the rail side or is it us?,resolved,PN100116359
TK-100360,MER-0005,2026-03-31 07:18:00,phone,Fee does not match our agreement,Can you send a breakdown of fees for the period? We need it for our audit and the summary figure alone is not enough.,resolved,PN100061648
TK-100361,MER-0036,2026-04-14 12:03:00,email,Request for fee breakdown,Can you send a breakdown of fees for the period? We need it for our audit and the summary figure alone is not enough.,closed,PN100108964
TK-100362,MER-0012,2026-04-16 14:15:00,email,Fee does not match our agreement,Our finance team has reviewed the statement and the fee charged looks higher than the rate we agreed in the addendum. We understood the new rate applies from April. Please clarify.,pending_merchant,PN100052154
TK-100363,MER-0019,2026-03-24 14:09:00,email,Funds still not in our account,"We have not received settlement for 24 Mar 2026. This is the second time this month. Can someone check the batch on your side and come back to me today, we have suppliers waiting.
Sent from my mobile device",resolved,PN100100488
TK-100364,MER-0039,2026-03-01 10:27:00,email,Payment declined repeatedly,We are seeing a lot of declines this afternoon on mobile money. Ref PN100099068 is one example. Is there a problem on the rail side or is it us?,closed,PN100099068
TK-100365,MER-0008,2026-04-06 10:41:00,portal,Customer payment failed but was debited,Customer says payment went through on their phone but our dashboard shows failed. PN100177409. They are in the shop now and refusing to pay again.,open,PN100177409
TK-100366,MER-0040,2026-03-02 09:58:00,email,Payment declined repeatedly,"A customer tried to pay 38.47 and got an error on the checkout page, but they are telling me their wallet was debited. Transaction ref is PN100161490. Please reverse or confirm.",closed,PN100161490
TK-100367,MER-0005,2026-04-09 08:49:00,portal,Where is our payout for 09 Apr?,Good morning team. We reconciled our till this morning and the payout for 09 Apr 2026 has still not hit our FCA account. Our records show 42.05 collected. Please advise when we should expect it.,closed,PN100026236
TK-100368,MER-0008,2026-03-28 06:14:00,email,Customer double charged,"We need to refund 10.01 on PN100062702, the goods were returned. What is the process and how long does it take to reflect?",pending_merchant,PN100062702
TK-100369,MER-0009,2026-03-26 07:15:00,portal,Add a user to our portal,Please add our new finance officer to the merchant portal with view only access.,resolved,
TK-100370,MER-0021,2026-03-04 15:17:00,whatsapp,API returning 401 after key rotation,"We rotated our API key yesterday and now every request returns {""error"":""unauthorised""}. Nothing else changed on our side. Can you check whether the old key is still active?",closed,
TK-100371,MER-0031,2026-03-20 18:36:00,email,Refund request for PN100065071,"We need to refund 42.74 on PN100065071, the goods were returned. What is the process and how long does it take to reflect?",resolved,PN100065071
TK-100372,MER-0010,2026-03-13 15:56:00,email,Payment declined repeatedly,"A customer tried to pay 270.20 and got an error on the checkout page, but they are telling me their wallet was debited. Transaction ref is PN100099956. Please reverse or confirm.",open,PN100099956
TK-100373,MER-0011,2026-03-20 15:51:00,email,How do we handle the pending status?,"We rotated our API key yesterday and now every request returns {""error"":""unauthorised""}. Nothing else changed on our side. Can you check whether the old key is still active?",closed,PN100033862
TK-100374,MER-0001,2026-04-04 13:45:00,email,Settlement not received for 04 Apr,"We have not received settlement for 04 Apr 2026. This is the second time this month. Can someone check the batch on your side and come back to me today, we have suppliers waiting.",open,PN100045422
TK-100375,MER-0040,2026-04-13 18:56:00,whatsapp,Please reverse duplicate charge,"Customer was charged twice for the same order. Please reverse one of them. Ref PN100148840, amount 54.35. She has been calling since yesterday.
Sent from my mobile device",pending_merchant,PN100148840
TK-100376,MER-0052,2026-04-29 09:51:00,portal,Add a user to our portal,We are changing our settlement bank. What documents do you need from us?,closed,PN100058301
TK-100377,MER-0029,2026-04-14 18:58:00,whatsapp,Customer double charged,"We need to refund n/a on not recorded, the goods were returned. What is the process and how long does it take to reflect?",resolved,
TK-100378,MER-0048,2026-03-01 17:36:00,portal,Settlement not received for 01 Mar,Good morning team. We reconciled our till this morning and the payout for 01 Mar 2026 has still not hit our FCA account. Our records show n/a collected. Please advise when we should expect it.,closed,
TK-100379,MER-0056,2026-03-18 12:47:00,whatsapp,API returning 401 after key rotation,"We rotated our API key yesterday and now every request returns {""error"":""unauthorised""}. Nothing else changed on our side. Can you check whether the old key is still active?",resolved,PN100003788
TK-100380,MER-0059,2026-03-02 12:58:00,portal,Customer payment failed but was debited,"A customer tried to pay 0.83 and got an error on the checkout page, but they are telling me their wallet was debited. Transaction ref is PN100170915. Please reverse or confirm.",resolved,PN100170915
TK-100381,MER-0049,2026-03-14 11:32:00,email,API returning 401 after key rotation,"Our callback endpoint is not receiving anything for successful payments, though the dashboard shows them as successful. We are on the v2 integration. Logs attached in the portal.",resolved,PN100175136
TK-100382,MER-0052,2026-04-16 17:03:00,portal,Settlement not received for 16 Apr,"Good morning team. We reconciled our till this morning and the payout for 16 Apr 2026 has still not hit our FCA account. Our records show 2,799.11 collected. Please advise when we should expect it.",closed,PN100138655
TK-100383,MER-0022,2026-04-17 14:17:00,email,Callback not firing on our staging environment,"We rotated our API key yesterday and now every request returns {""error"":""unauthorised""}. Nothing else changed on our side. Can you check whether the old key is still active?",pending_merchant,PN100179070
TK-100384,MER-0022,2026-04-21 13:46:00,email,Request for statement,Kindly send the statement for last month in Excel rather than PDF.,resolved,
TK-100385,MER-0006,2026-04-27 18:46:00,whatsapp,Transaction PN100176150 failed on checkout,"A customer tried to pay 60.52 and got an error on the checkout page, but they are telling me their wallet was debited. Transaction ref is PN100176150. Please reverse or confirm.",open,PN100176150
TK-100386,MER-0035,2026-03-12 10:18:00,whatsapp,Callback not firing on our staging environment,"Question on statuses: if a payment sits at pending, how long before we can treat it as failed? Our checkout currently waits 30 seconds then gives up.",resolved,PN100083940
TK-100387,MER-0041,2026-03-29 19:58:00,email,Funds still not in our account,"We have not received settlement for 29 Mar 2026. This is the second time this month. Can someone check the batch on your side and come back to me today, we have suppliers waiting.",resolved,PN100148039
TK-100388,MER-0045,2026-04-30 09:27:00,portal,Customer payment failed but was debited,"A customer tried to pay 3.02 and got an error on the checkout page, but they are telling me their wallet was debited. Transaction ref is PN100122902. Please reverse or confirm.",closed,PN100122902
TK-100389,MER-0047,2026-03-11 18:37:00,whatsapp,Request for statement,We are changing our settlement bank. What documents do you need from us?,closed,
TK-100390,MER-0056,2026-03-15 16:05:00,email,Change of bank account details,We are changing our settlement bank. What documents do you need from us?,resolved,PN100074842
TK-100391,MER-0050,2026-04-05 14:21:00,whatsapp,Payment declined repeatedly,"A customer tried to pay n/a and got an error on the checkout page, but they are telling me their wallet was debited. Transaction ref is not recorded. Please reverse or confirm.",closed,
TK-100392,MER-0017,2026-03-17 14:39:00,email,Funds still not in our account,Good morning team. We reconciled our till this morning and the payout for 17 Mar 2026 has still not hit our FCA account. Our records show 45.98 collected. Please advise when we should expect it.,closed,PN100119827
TK-100393,MER-0009,2026-03-19 11:38:00,email,Where is our payout for 19 Mar?,Good morning team. We reconciled our till this morning and the payout for 19 Mar 2026 has still not hit our FCA account. Our records show n/a collected. Please advise when we should expect it.,open,
TK-100394,MER-0008,2026-04-02 16:06:00,portal,Funds still not in our account,Good morning team. We reconciled our till this morning and the payout for 02 Apr 2026 has still not hit our FCA account. Our records show 2.10 collected. Please advise when we should expect it.,resolved,PN100001950
TK-100395,MER-0020,2026-03-23 17:37:00,portal,Payment declined repeatedly,Customer says payment went through on their phone but our dashboard shows failed. not recorded. They are in the shop now and refusing to pay again.,closed,
TK-100396,MER-0062,2026-03-06 09:29:00,email,Callback not firing on our staging environment,"We rotated our API key yesterday and now every request returns {""error"":""unauthorised""}. Nothing else changed on our side. Can you check whether the old key is still active?",resolved,PN100155104
TK-100397,MER-0044,2026-03-10 18:38:00,email,Funds still not in our account,"Hie, kindly confirm status of our settlement. Amount expected is around 81.43. Ref PN100071644.",resolved,PN100071644
TK-100398,MER-0062,2026-03-13 19:30:00,phone,Request for fee breakdown,Can you send a breakdown of fees for the period? We need it for our audit and the summary figure alone is not enough.,resolved,PN100153374
TK-100399,MER-0041,2026-04-28 06:57:00,portal,Transaction n/a failed on checkout,We are seeing a lot of declines this afternoon on mobile money. Ref not recorded is one example. Is there a problem on the rail side or is it us?,closed,
TK-100400,MER-0045,2026-03-19 06:33:00,email,Customer double charged,"Customer was charged twice for the same order. Please reverse one of them. Ref PN100008172, amount 25.31. She has been calling since yesterday.",closed,PN100008172
TK-100401,MER-0024,2026-03-17 16:28:00,phone,Payment declined repeatedly,We are seeing a lot of declines this afternoon on mobile money. Ref PN100159440 is one example. Is there a problem on the rail side or is it us?,open,PN100159440
TK-100402,MER-0001,2026-03-23 16:44:00,phone,Funds still not in our account,"We have not received settlement for 23 Mar 2026. This is the second time this month. Can someone check the batch on your side and come back to me today, we have suppliers waiting.",resolved,
TK-100403,MER-0025,2026-04-21 08:41:00,email,Request for fee breakdown,Our finance team has reviewed the statement and the fee charged looks higher than the rate we agreed in the addendum. We understood the new rate applies from April. Please clarify.,closed,PN100090610
TK-100404,MER-0028,2026-04-21 15:06:00,phone,Transaction PN100083225 failed on checkout,"A customer tried to pay 290.17 and got an error on the checkout page, but they are telling me their wallet was debited. Transaction ref is PN100083225. Please reverse or confirm.",resolved,PN100083225
TK-100405,MER-0038,2026-03-04 10:00:00,whatsapp,Transaction PN100116636 failed on checkout,"A customer tried to pay 0.56 and got an error on the checkout page, but they are telling me their wallet was debited. Transaction ref is PN100116636. Please reverse or confirm.",resolved,PN100116636
TK-100406,MER-0027,2026-04-02 15:14:00,email,Request for statement,Kindly send the statement for last month in Excel rather than PDF.,pending_merchant,PN100012314
TK-100407,MER-0038,2026-04-08 07:35:00,whatsapp,Possible fraudulent payments overnight,"We had a series of small payments overnight from what looks like the same payer, all just under our review threshold. One ref is PN100161503. Can you block that payer and advise on next steps?",open,PN100161503
TK-100408,MER-0005,2026-04-10 06:04:00,portal,API returning 401 after key rotation,"Question on statuses: if a payment sits at pending, how long before we can treat it as failed? Our checkout currently waits 30 seconds then gives up.",open,
TK-100409,MER-0043,2026-04-28 17:57:00,email,Funds still not in our account,Good morning team. We reconciled our till this morning and the payout for 28 Apr 2026 has still not hit our FCA account. Our records show 18.01 collected. Please advise when we should expect it.,resolved,PN100014226
TK-100410,MER-0040,2026-04-02 15:41:00,whatsapp,How do we handle the pending status?,"Our callback endpoint is not receiving anything for successful payments, though the dashboard shows them as successful. We are on the v2 integration. Logs attached in the portal.",closed,PN100066715
TK-100411,MER-0043,2026-04-12 15:16:00,email,Fee does not match our agreement,Can you send a breakdown of fees for the period? We need it for our audit and the summary figure alone is not enough.,resolved,PN100085195
TK-100412,MER-0044,2026-04-29 15:33:00,phone,Customer payment failed but was debited,Customer says payment went through on their phone but our dashboard shows failed. PN100118035. They are in the shop now and refusing to pay again.,closed,PN100118035
TK-100413,MER-0062,2026-04-23 06:38:00,portal,Payment declined repeatedly,"A customer tried to pay 8.23 and got an error on the checkout page, but they are telling me their wallet was debited. Transaction ref is PN100049945. Please reverse or confirm.",open,PN100049945
TK-100414,MER-0008,2026-03-15 17:33:00,email,Request for fee breakdown,Our finance team has reviewed the statement and the fee charged looks higher than the rate we agreed in the addendum. We understood the new rate applies from April. Please clarify.,resolved,PN100092723
TK-100415,MER-0034,2026-04-02 14:49:00,email,Suspicious transaction pattern,"We had a series of small payments overnight from what looks like the same payer, all just under our review threshold. One ref is PN100156040. Can you block that payer and advise on next steps?",open,PN100156040
TK-100416,MER-0047,2026-04-23 19:10:00,email,Request for fee breakdown,Our finance team has reviewed the statement and the fee charged looks higher than the rate we agreed in the addendum. We understood the new rate applies from April. Please clarify.,closed,PN100161922
TK-100417,MER-0060,2026-04-05 14:48:00,whatsapp,Suspicious transaction pattern,"We had a series of small payments overnight from what looks like the same payer, all just under our review threshold. One ref is not recorded. Can you block that payer and advise on next steps?",resolved,
TK-100418,MER-0005,2026-04-27 16:49:00,whatsapp,Please reverse duplicate charge,"We need to refund 63.14 on PN100043591, the goods were returned. What is the process and how long does it take to reflect?",resolved,PN100043591
TK-100419,MER-0004,2026-03-04 08:55:00,whatsapp,Settlement not received for 04 Mar,"We have not received settlement for 04 Mar 2026. This is the second time this month. Can someone check the batch on your side and come back to me today, we have suppliers waiting.",open,PN100001516
TK-100420,MER-0001,2026-03-12 17:06:00,whatsapp,Possible fraudulent payments overnight,"We had a series of small payments overnight from what looks like the same payer, all just under our review threshold. One ref is PN100066786. Can you block that payer and advise on next steps?",closed,PN100066786
TK-100421,MER-0048,2026-03-25 15:40:00,portal,Customer payment failed but was debited,"A customer tried to pay n/a and got an error on the checkout page, but they are telling me their wallet was debited. Transaction ref is not recorded. Please reverse or confirm.",open,
TK-100422,MER-0021,2026-03-14 08:41:00,portal,Request for statement,Please add our new finance officer to the merchant portal with view only access.,pending_merchant,PN100138830
TK-100423,MER-0039,2026-03-31 14:53:00,phone,Change of bank account details,Kindly send the statement for last month in Excel rather than PDF.,pending_merchant,PN100148001
TK-100424,MER-0011,2026-04-21 18:34:00,whatsapp,How do we handle the pending status?,"Our callback endpoint is not receiving anything for successful payments, though the dashboard shows them as successful. We are on the v2 integration. Logs attached in the portal.",resolved,PN100015011
TK-100425,MER-0041,2026-04-27 13:35:00,portal,How do we handle the pending status?,"Our callback endpoint is not receiving anything for successful payments, though the dashboard shows them as successful. We are on the v2 integration. Logs attached in the portal.",open,PN100155430
TK-100426,MER-0021,2026-03-01 16:36:00,portal,Funds still not in our account,"Hie, kindly confirm status of our settlement. Amount expected is around n/a. Ref not recorded.",resolved,
TK-100427,MER-0001,2026-03-13 15:12:00,email,Transaction PN100157608 failed on checkout,We are seeing a lot of declines this afternoon on mobile money. Ref PN100157608 is one example. Is there a problem on the rail side or is it us?,open,PN100157608
TK-100428,MER-0030,2026-03-06 17:19:00,email,Customer payment failed but was debited,We are seeing a lot of declines this afternoon on mobile money. Ref PN100159300 is one example. Is there a problem on the rail side or is it us?,closed,PN100159300
TK-100429,MER-0059,2026-03-01 18:18:00,portal,Query on fees charged this month,Our finance team has reviewed the statement and the fee charged looks higher than the rate we agreed in the addendum. We understood the new rate applies from April. Please clarify.,closed,PN100117484
TK-100430,MER-0058,2026-04-27 18:04:00,portal,Transaction n/a failed on checkout,We are seeing a lot of declines this afternoon on mobile money. Ref not recorded is one example. Is there a problem on the rail side or is it us?,closed,
TK-100431,MER-0032,2026-03-23 18:14:00,email,Customer double charged,"Customer was charged twice for the same order. Please reverse one of them. Ref PN100119534, amount 85.83. She has been calling since yesterday.",closed,PN100119534
TK-100432,MER-0013,2026-04-01 11:06:00,email,Request for statement,We are changing our settlement bank. What documents do you need from us?,resolved,PN100147321
TK-100433,MER-0038,2026-03-19 12:37:00,email,Add a user to our portal,Kindly send the statement for last month in Excel rather than PDF.,closed,PN100123664
TK-100434,MER-0024,2026-03-13 14:33:00,whatsapp,Possible fraudulent payments overnight,"We had a series of small payments overnight from what looks like the same payer, all just under our review threshold. One ref is not recorded. Can you block that payer and advise on next steps?",resolved,
TK-100435,MER-0005,2026-03-12 06:49:00,portal,Add a user to our portal,Kindly send the statement for last month in Excel rather than PDF.,resolved,PN100160360
TK-100436,MER-0060,2026-04-28 09:50:00,portal,Possible fraudulent payments overnight,"We had a series of small payments overnight from what looks like the same payer, all just under our review threshold. One ref is PN100155133. Can you block that payer and advise on next steps?",resolved,PN100155133
TK-100437,MER-0055,2026-03-26 19:54:00,portal,Funds still not in our account,"Hie, kindly confirm status of our settlement. Amount expected is around 7.42. Ref PN100018167.",open,PN100018167
TK-100438,MER-0012,2026-03-25 10:01:00,portal,Please reverse duplicate charge,"Customer was charged twice for the same order. Please reverse one of them. Ref PN100048064, amount 4.84. She has been calling since yesterday.",resolved,PN100048064
TK-100439,MER-0032,2026-03-21 09:49:00,whatsapp,Please reverse duplicate charge,"Customer was charged twice for the same order. Please reverse one of them. Ref PN100057374, amount 10.60. She has been calling since yesterday.",resolved,PN100057374
TK-100440,MER-0061,2026-04-12 09:15:00,portal,Fee does not match our agreement,Can you send a breakdown of fees for the period? We need it for our audit and the summary figure alone is not enough.,pending_merchant,PN100092791
TK-100441,MER-0018,2026-03-02 15:58:00,phone,Query on fees charged this month,Can you send a breakdown of fees for the period? We need it for our audit and the summary figure alone is not enough.,resolved,PN100007269
TK-100442,MER-0028,2026-03-10 14:18:00,whatsapp,Please reverse duplicate charge,"Customer was charged twice for the same order. Please reverse one of them. Ref PN100090519, amount 6.44. She has been calling since yesterday.",open,PN100090519
TK-100443,MER-0042,2026-03-05 16:50:00,whatsapp,How do we handle the pending status?,"Our callback endpoint is not receiving anything for successful payments, though the dashboard shows them as successful. We are on the v2 integration. Logs attached in the portal.",resolved,PN100024926
TK-100444,MER-0039,2026-03-22 08:25:00,email,Callback not firing on our staging environment,"Question on statuses: if a payment sits at pending, how long before we can treat it as failed? Our checkout currently waits 30 seconds then gives up.",resolved,PN100120471
TK-100445,MER-0035,2026-04-16 10:32:00,email,Payment declined repeatedly,We are seeing a lot of declines this afternoon on mobile money. Ref PN100022827 is one example. Is there a problem on the rail side or is it us?,closed,PN100022827
TK-100446,MER-0012,2026-04-02 18:37:00,email,Funds still not in our account,"Hie, kindly confirm status of our settlement. Amount expected is around 0.80. Ref PN100171518.",open,PN100171518
TK-100447,MER-0002,2026-04-28 17:26:00,email,Transaction PN100101179 failed on checkout,Customer says payment went through on their phone but our dashboard shows failed. PN100101179. They are in the shop now and refusing to pay again.,open,PN100101179
TK-100448,MER-0030,2026-03-31 06:51:00,email,Transaction n/a failed on checkout,We are seeing a lot of declines this afternoon on mobile money. Ref not recorded is one example. Is there a problem on the rail side or is it us?,pending_merchant,
TK-100449,MER-0038,2026-04-21 09:27:00,email,API returning 401 after key rotation,"Our callback endpoint is not receiving anything for successful payments, though the dashboard shows them as successful. We are on the v2 integration. Logs attached in the portal.",resolved,
TK-100450,MER-0010,2026-03-21 06:23:00,phone,Transaction n/a failed on checkout,"A customer tried to pay n/a and got an error on the checkout page, but they are telling me their wallet was debited. Transaction ref is not recorded. Please reverse or confirm.",pending_merchant,
TK-100451,MER-0016,2026-03-24 12:41:00,portal,Callback not firing on our staging environment,"Question on statuses: if a payment sits at pending, how long before we can treat it as failed? Our checkout currently waits 30 seconds then gives up.",resolved,PN100062140
TK-100452,MER-0024,2026-04-28 08:51:00,email,Add a user to our portal,Please add our new finance officer to the merchant portal with view only access.,open,PN100102256
TK-100453,MER-0049,2026-04-16 19:26:00,email,Request for statement,Kindly send the statement for last month in Excel rather than PDF.,resolved,PN100100489
TK-100454,MER-0052,2026-03-01 14:05:00,portal,API returning 401 after key rotation,"Question on statuses: if a payment sits at pending, how long before we can treat it as failed? Our checkout currently waits 30 seconds then gives up.",open,PN100164656
TK-100455,MER-0056,2026-04-20 17:19:00,phone,Transaction PN100127531 failed on checkout,Customer says payment went through on their phone but our dashboard shows failed. PN100127531. They are in the shop now and refusing to pay again.,closed,PN100127531
TK-100456,MER-0042,2026-03-15 18:14:00,whatsapp,Please reverse duplicate charge,"Customer was charged twice for the same order. Please reverse one of them. Ref PN100088703, amount 1.77. She has been calling since yesterday.",closed,PN100088703
TK-100457,MER-0009,2026-03-12 15:06:00,email,Settlement not received for 12 Mar,Good morning team. We reconciled our till this morning and the payout for 12 Mar 2026 has still not hit our FCA account. Our records show n/a collected. Please advise when we should expect it.,closed,
TK-100458,MER-0053,2026-03-24 14:40:00,phone,Payment declined repeatedly,"A customer tried to pay 15.47 and got an error on the checkout page, but they are telling me their wallet was debited. Transaction ref is PN100001848. Please reverse or confirm.",resolved,PN100001848
TK-100459,MER-0003,2026-03-22 15:26:00,portal,API returning 401 after key rotation,"Our callback endpoint is not receiving anything for successful payments, though the dashboard shows them as successful. We are on the v2 integration. Logs attached in the portal.",resolved,PN100140747
TK-100460,MER-0002,2026-03-23 08:03:00,email,Funds still not in our account,"Hie, kindly confirm status of our settlement. Amount expected is around 242.32. Ref PN100117987.",resolved,PN100117987
TK-100461,MER-0001,2026-04-21 11:35:00,whatsapp,Customer payment failed but was debited,"A customer tried to pay 470.44 and got an error on the checkout page, but they are telling me their wallet was debited. Transaction ref is PN100087389. Please reverse or confirm.",open,PN100087389
TK-100462,MER-0052,2026-03-28 17:21:00,email,Customer double charged,"We need to refund n/a on not recorded, the goods were returned. What is the process and how long does it take to reflect?",closed,
TK-100463,MER-0042,2026-03-07 14:24:00,whatsapp,Transaction PN100174470 failed on checkout,"A customer tried to pay 0.97 and got an error on the checkout page, but they are telling me their wallet was debited. Transaction ref is PN100174470. Please reverse or confirm.",closed,PN100174470
TK-100464,MER-0052,2026-03-24 12:56:00,email,Payment declined repeatedly,"A customer tried to pay 81.51 and got an error on the checkout page, but they are telling me their wallet was debited. Transaction ref is PN100165302. Please reverse or confirm.",pending_merchant,PN100165302
TK-100465,MER-0010,2026-04-23 07:48:00,whatsapp,Customer double charged,"Customer was charged twice for the same order. Please reverse one of them. Ref PN100038916, amount 108.95. She has been calling since yesterday.",closed,PN100038916
TK-100466,MER-0040,2026-04-14 12:57:00,phone,Payment declined repeatedly,Customer says payment went through on their phone but our dashboard shows failed. not recorded. They are in the shop now and refusing to pay again.,closed,
TK-100467,MER-0042,2026-03-25 07:19:00,whatsapp,How do we handle the pending status?,"Our callback endpoint is not receiving anything for successful payments, though the dashboard shows them as successful. We are on the v2 integration. Logs attached in the portal.",closed,PN100010595
TK-100468,MER-0040,2026-04-20 08:24:00,whatsapp,Add a user to our portal,We are changing our settlement bank. What documents do you need from us?,pending_merchant,PN100179088
TK-100469,MER-0019,2026-03-19 12:37:00,email,Transaction PN100134755 failed on checkout,"A customer tried to pay 10.66 and got an error on the checkout page, but they are telling me their wallet was debited. Transaction ref is PN100134755. Please reverse or confirm.",resolved,PN100134755
TK-100470,MER-0025,2026-04-27 10:23:00,portal,How do we handle the pending status?,"Our callback endpoint is not receiving anything for successful payments, though the dashboard shows them as successful. We are on the v2 integration. Logs attached in the portal.",closed,
TK-100471,MER-0030,2026-04-13 16:46:00,whatsapp,Add a user to our portal,Kindly send the statement for last month in Excel rather than PDF.,pending_merchant,PN100023083
TK-100472,MER-0040,2026-04-27 12:49:00,portal,Add a user to our portal,Please add our new finance officer to the merchant portal with view only access.,resolved,PN100099709
TK-100473,MER-0057,2026-03-18 19:54:00,portal,Please reverse duplicate charge,"We need to refund n/a on not recorded, the goods were returned. What is the process and how long does it take to reflect?",pending_merchant,
TK-100474,MER-0001,2026-03-02 18:14:00,phone,Request for fee breakdown,Can you send a breakdown of fees for the period? We need it for our audit and the summary figure alone is not enough.,pending_merchant,PN100029939
TK-100475,MER-0006,2026-03-26 06:47:00,email,Customer payment failed but was debited,"A customer tried to pay 8.82 and got an error on the checkout page, but they are telling me their wallet was debited. Transaction ref is PN100046574. Please reverse or confirm.",resolved,PN100046574
TK-100476,MER-0043,2026-04-10 16:20:00,email,Settlement not received for 10 Apr,"We have not received settlement for 10 Apr 2026. This is the second time this month. Can someone check the batch on your side and come back to me today, we have suppliers waiting.",closed,PN100006161
TK-100477,MER-0031,2026-03-02 19:33:00,email,How do we handle the pending status?,"Our callback endpoint is not receiving anything for successful payments, though the dashboard shows them as successful. We are on the v2 integration. Logs attached in the portal.",resolved,PN100023975
TK-100478,MER-0036,2026-04-10 13:59:00,portal,Refund request for PN100056807,"We need to refund 24.16 on PN100056807, the goods were returned. What is the process and how long does it take to reflect?",resolved,PN100056807
TK-100479,MER-0003,2026-04-19 15:57:00,email,How do we handle the pending status?,"Question on statuses: if a payment sits at pending, how long before we can treat it as failed? Our checkout currently waits 30 seconds then gives up.",resolved,PN100130585
TK-100480,MER-0043,2026-04-04 14:00:00,email,Change of bank account details,Please add our new finance officer to the merchant portal with view only access.,resolved,
TK-100481,MER-0047,2026-04-11 15:54:00,whatsapp,Add a user to our portal,Please add our new finance officer to the merchant portal with view only access.,pending_merchant,PN100047691
TK-100482,MER-0051,2026-03-07 07:10:00,portal,Request for statement,We are changing our settlement bank. What documents do you need from us?,open,
TK-100483,MER-0025,2026-04-14 13:04:00,whatsapp,Change of bank account details,Please add our new finance officer to the merchant portal with view only access.,closed,PN100174524
TK-100484,MER-0001,2026-03-06 17:43:00,portal,Add a user to our portal,We are changing our settlement bank. What documents do you need from us?,open,
TK-100485,MER-0014,2026-03-20 16:56:00,portal,Request for statement,Please add our new finance officer to the merchant portal with view only access.,resolved,PN100160150
TK-100486,MER-0006,2026-04-09 08:56:00,email,How do we handle the pending status?,"Question on statuses: if a payment sits at pending, how long before we can treat it as failed? Our checkout currently waits 30 seconds then gives up.",open,
TK-100487,MER-0007,2026-04-19 11:01:00,email,Payment declined repeatedly,We are seeing a lot of declines this afternoon on mobile money. Ref not recorded is one example. Is there a problem on the rail side or is it us?,pending_merchant,
TK-100488,MER-0013,2026-04-21 06:43:00,email,Where is our payout for 21 Apr?,"Hie, kindly confirm status of our settlement. Amount expected is around 8.55. Ref PN100102367.",closed,PN100102367
TK-100489,MER-0056,2026-04-23 11:02:00,email,Settlement not received for 23 Apr,"Hie, kindly confirm status of our settlement. Amount expected is around n/a. Ref not recorded.",pending_merchant,
TK-100490,MER-0002,2026-03-05 08:06:00,portal,Funds still not in our account,"Good morning team. We reconciled our till this morning and the payout for 05 Mar 2026 has still not hit our FCA account. Our records show 4,782.45 collected. Please advise when we should expect it.",resolved,PN100133895
TK-100491,MER-0052,2026-03-28 17:28:00,whatsapp,Payment declined repeatedly,"A customer tried to pay n/a and got an error on the checkout page, but they are telling me their wallet was debited. Transaction ref is not recorded. Please reverse or confirm.",open,
TK-100492,MER-0039,2026-04-08 13:38:00,email,Query on fees charged this month,"Our finance team has reviewed the statement and the fee charged looks higher than the rate we agreed in the addendum. We understood the new rate applies from April. Please clarify.
Sent from my mobile device",pending_merchant,
TK-100493,MER-0006,2026-03-21 19:36:00,whatsapp,Customer double charged,"We need to refund n/a on not recorded, the goods were returned. What is the process and how long does it take to reflect?",open,
TK-100494,MER-0041,2026-03-20 14:50:00,email,Refund request for n/a,"We need to refund n/a on not recorded, the goods were returned. What is the process and how long does it take to reflect?",closed,
TK-100495,MER-0057,2026-03-30 12:17:00,whatsapp,Where is our payout for 30 Mar?,"Hie, kindly confirm status of our settlement. Amount expected is around n/a. Ref not recorded.",open,
TK-100496,MER-0020,2026-03-07 17:51:00,whatsapp,Add a user to our portal,Kindly send the statement for last month in Excel rather than PDF.,open,PN100102891
TK-100497,MER-0030,2026-04-04 13:24:00,email,Transaction PN100026039 failed on checkout,We are seeing a lot of declines this afternoon on mobile money. Ref PN100026039 is one example. Is there a problem on the rail side or is it us?,closed,PN100026039
TK-100498,MER-0021,2026-04-17 16:15:00,email,Settlement not received for 17 Apr,"We have not received settlement for 17 Apr 2026. This is the second time this month. Can someone check the batch on your side and come back to me today, we have suppliers waiting.",open,PN100106439
TK-100499,MER-0020,2026-03-25 19:24:00,email,Settlement not received for 25 Mar,"We have not received settlement for 25 Mar 2026. This is the second time this month. Can someone check the batch on your side and come back to me today, we have suppliers waiting.",pending_merchant,PN100075761
TK-100500,MER-0014,2026-04-09 17:12:00,email,Possible fraudulent payments overnight,"We had a series of small payments overnight from what looks like the same payer, all just under our review threshold. One ref is PN100141944. Can you block that payer and advise on next steps?",open,PN100141944
TK-100501,MER-0036,2026-04-15 16:25:00,whatsapp,Funds still not in our account,"Hie, kindly confirm status of our settlement. Amount expected is around 30.80. Ref PN100035821.",open,PN100035821
TK-100502,MER-0031,2026-03-08 09:16:00,portal,Customer double charged,"We need to refund 70.18 on PN100025551, the goods were returned. What is the process and how long does it take to reflect?",pending_merchant,PN100025551
TK-100503,MER-0016,2026-04-03 16:40:00,email,Where is our payout for 03 Apr?,Good morning team. We reconciled our till this morning and the payout for 03 Apr 2026 has still not hit our FCA account. Our records show 2.11 collected. Please advise when we should expect it.,closed,PN100137086
TK-100504,MER-0055,2026-04-15 06:41:00,portal,Fee does not match our agreement,Our finance team has reviewed the statement and the fee charged looks higher than the rate we agreed in the addendum. We understood the new rate applies from April. Please clarify.,closed,PN100063052
TK-100505,MER-0046,2026-04-28 16:45:00,portal,Add a user to our portal,We are changing our settlement bank. What documents do you need from us?,resolved,PN100170072
TK-100506,MER-0030,2026-03-02 11:43:00,email,Refund request for PN100072992,"We need to refund 10.37 on PN100072992, the goods were returned. What is the process and how long does it take to reflect?",open,PN100072992
TK-100507,MER-0028,2026-04-09 14:10:00,email,Customer payment failed but was debited,Customer says payment went through on their phone but our dashboard shows failed. not recorded. They are in the shop now and refusing to pay again.,open,
TK-100508,MER-0056,2026-04-20 06:29:00,email,Transaction PN100125801 failed on checkout,We are seeing a lot of declines this afternoon on mobile money. Ref PN100125801 is one example. Is there a problem on the rail side or is it us?,resolved,PN100125801
TK-100509,MER-0053,2026-04-17 08:26:00,email,Funds still not in our account,"We have not received settlement for 17 Apr 2026. This is the second time this month. Can someone check the batch on your side and come back to me today, we have suppliers waiting.",closed,
TK-100510,MER-0052,2026-04-27 11:49:00,email,Payment declined repeatedly,Customer says payment went through on their phone but our dashboard shows failed. PN100036264. They are in the shop now and refusing to pay again.,resolved,PN100036264
TK-100511,MER-0025,2026-04-07 09:38:00,email,Refund request for PN100118135,"Customer was charged twice for the same order. Please reverse one of them. Ref PN100118135, amount 2.01. She has been calling since yesterday.",pending_merchant,PN100118135
TK-100512,MER-0041,2026-03-14 06:56:00,email,Callback not firing on our staging environment,"Our callback endpoint is not receiving anything for successful payments, though the dashboard shows them as successful. We are on the v2 integration. Logs attached in the portal.",open,
TK-100513,MER-0036,2026-03-02 10:28:00,whatsapp,Settlement not received for 02 Mar,"Hie, kindly confirm status of our settlement. Amount expected is around n/a. Ref not recorded.",open,
TK-100514,MER-0007,2026-04-06 15:38:00,email,Where is our payout for 06 Apr?,"We have not received settlement for 06 Apr 2026. This is the second time this month. Can someone check the batch on your side and come back to me today, we have suppliers waiting.",resolved,PN100061321
TK-100515,MER-0022,2026-04-17 15:11:00,whatsapp,Callback not firing on our staging environment,"Our callback endpoint is not receiving anything for successful payments, though the dashboard shows them as successful. We are on the v2 integration. Logs attached in the portal.
Sent from my mobile device",resolved,PN100150137
TK-100516,MER-0014,2026-03-02 07:41:00,whatsapp,Where is our payout for 02 Mar?,Good morning team. We reconciled our till this morning and the payout for 02 Mar 2026 has still not hit our FCA account. Our records show 73.45 collected. Please advise when we should expect it.,resolved,PN100113082
TK-100517,MER-0031,2026-04-10 11:18:00,email,Customer double charged,"Customer was charged twice for the same order. Please reverse one of them. Ref PN100127923, amount 96.34. She has been calling since yesterday.",open,PN100127923
TK-100518,MER-0004,2026-04-17 13:11:00,whatsapp,Transaction PN100108672 failed on checkout,We are seeing a lot of declines this afternoon on mobile money. Ref PN100108672 is one example. Is there a problem on the rail side or is it us?,pending_merchant,PN100108672
TK-100519,MER-0033,2026-03-26 06:10:00,whatsapp,Funds still not in our account,"We have not received settlement for 26 Mar 2026. This is the second time this month. Can someone check the batch on your side and come back to me today, we have suppliers waiting.",open,
TK-100520,MER-0050,2026-04-18 16:01:00,phone,Possible fraudulent payments overnight,"We had a series of small payments overnight from what looks like the same payer, all just under our review threshold. One ref is PN100081661. Can you block that payer and advise on next steps?",pending_merchant,PN100081661
TK-100521,MER-0058,2026-03-19 11:31:00,email,Request for statement,Please add our new finance officer to the merchant portal with view only access.,closed,
TK-100522,MER-0017,2026-04-16 10:50:00,portal,Funds still not in our account,"We have not received settlement for 16 Apr 2026. This is the second time this month. Can someone check the batch on your side and come back to me today, we have suppliers waiting.",open,
TK-100523,MER-0024,2026-03-18 09:28:00,phone,Customer double charged,"Customer was charged twice for the same order. Please reverse one of them. Ref PN100092560, amount 15.81. She has been calling since yesterday.",open,PN100092560
TK-100524,MER-0013,2026-03-01 08:09:00,email,Payment declined repeatedly,Customer says payment went through on their phone but our dashboard shows failed. PN100119745. They are in the shop now and refusing to pay again.,pending_merchant,PN100119745
TK-100525,MER-0027,2026-04-29 11:32:00,phone,Callback not firing on our staging environment,"We rotated our API key yesterday and now every request returns {""error"":""unauthorised""}. Nothing else changed on our side. Can you check whether the old key is still active?",pending_merchant,PN100056850
TK-100526,MER-0015,2026-03-09 11:56:00,whatsapp,Customer double charged,"Customer was charged twice for the same order. Please reverse one of them. Ref not recorded, amount n/a. She has been calling since yesterday.",resolved,
TK-100527,MER-0032,2026-04-22 06:39:00,email,Query on fees charged this month,Our finance team has reviewed the statement and the fee charged looks higher than the rate we agreed in the addendum. We understood the new rate applies from April. Please clarify.,resolved,PN100054753
TK-100528,MER-0012,2026-04-01 07:08:00,email,Suspicious transaction pattern,"We had a series of small payments overnight from what looks like the same payer, all just under our review threshold. One ref is PN100042655. Can you block that payer and advise on next steps?",closed,PN100042655
TK-100529,MER-0040,2026-03-04 07:56:00,phone,Callback not firing on our staging environment,"We rotated our API key yesterday and now every request returns {""error"":""unauthorised""}. Nothing else changed on our side. Can you check whether the old key is still active?",pending_merchant,PN100156117
TK-100530,MER-0045,2026-03-06 18:03:00,email,Suspicious transaction pattern,"We had a series of small payments overnight from what looks like the same payer, all just under our review threshold. One ref is PN100029690. Can you block that payer and advise on next steps?",pending_merchant,PN100029690
TK-100531,MER-0005,2026-03-29 14:27:00,whatsapp,Callback not firing on our staging environment,"Question on statuses: if a payment sits at pending, how long before we can treat it as failed? Our checkout currently waits 30 seconds then gives up.",closed,PN100104188
TK-100532,MER-0045,2026-03-26 16:14:00,email,Where is our payout for 26 Mar?,Good morning team. We reconciled our till this morning and the payout for 26 Mar 2026 has still not hit our FCA account. Our records show 24.46 collected. Please advise when we should expect it.,resolved,PN100070456
TK-100533,MER-0049,2026-03-26 12:21:00,email,Refund request for PN100015828,"Customer was charged twice for the same order. Please reverse one of them. Ref PN100015828, amount 1.38. She has been calling since yesterday.",resolved,PN100015828
TK-100534,MER-0062,2026-04-30 19:49:00,whatsapp,Transaction PN100066338 failed on checkout,Customer says payment went through on their phone but our dashboard shows failed. PN100066338. They are in the shop now and refusing to pay again.,closed,PN100066338
TK-100535,MER-0046,2026-03-26 11:27:00,portal,Where is our payout for 26 Mar?,"We have not received settlement for 26 Mar 2026. This is the second time this month. Can someone check the batch on your side and come back to me today, we have suppliers waiting.
Sent from my mobile device",pending_merchant,PN100087562
TK-100536,MER-0039,2026-04-21 06:46:00,portal,Where is our payout for 21 Apr?,"Hie, kindly confirm status of our settlement. Amount expected is around 134.54. Ref PN100124985.",closed,PN100124985
TK-100537,MER-0043,2026-03-30 19:21:00,portal,Payment declined repeatedly,Customer says payment went through on their phone but our dashboard shows failed. PN100098262. They are in the shop now and refusing to pay again.,resolved,PN100098262
TK-100538,MER-0055,2026-04-23 10:22:00,email,API returning 401 after key rotation,"Our callback endpoint is not receiving anything for successful payments, though the dashboard shows them as successful. We are on the v2 integration. Logs attached in the portal.",closed,PN100159578
TK-100539,MER-0014,2026-04-06 06:42:00,email,Customer payment failed but was debited,We are seeing a lot of declines this afternoon on mobile money. Ref not recorded is one example. Is there a problem on the rail side or is it us?,closed,
TK-100540,MER-0044,2026-04-05 16:11:00,portal,How do we handle the pending status?,"We rotated our API key yesterday and now every request returns {""error"":""unauthorised""}. Nothing else changed on our side. Can you check whether the old key is still active?",open,
TK-100541,MER-0016,2026-03-02 13:12:00,email,Callback not firing on our staging environment,"Our callback endpoint is not receiving anything for successful payments, though the dashboard shows them as successful. We are on the v2 integration. Logs attached in the portal.",open,
TK-100542,MER-0054,2026-04-15 10:16:00,portal,Funds still not in our account,"Hie, kindly confirm status of our settlement. Amount expected is around 0.69. Ref PN100080114.",closed,PN100080114
TK-100543,MER-0057,2026-03-14 19:37:00,email,Transaction PN100134807 failed on checkout,We are seeing a lot of declines this afternoon on mobile money. Ref PN100134807 is one example. Is there a problem on the rail side or is it us?,pending_merchant,PN100134807
TK-100544,MER-0011,2026-03-01 13:46:00,portal,API returning 401 after key rotation,"Question on statuses: if a payment sits at pending, how long before we can treat it as failed? Our checkout currently waits 30 seconds then gives up.",open,
TK-100545,MER-0014,2026-03-08 15:31:00,whatsapp,Please reverse duplicate charge,"Customer was charged twice for the same order. Please reverse one of them. Ref PN100077614, amount 8.83. She has been calling since yesterday.
Sent from my mobile device",closed,PN100077614
TK-100546,MER-0010,2026-04-17 11:06:00,email,Change of bank account details,Kindly send the statement for last month in Excel rather than PDF.,open,PN100156882
TK-100547,MER-0041,2026-03-12 17:55:00,phone,Transaction n/a failed on checkout,Customer says payment went through on their phone but our dashboard shows failed. not recorded. They are in the shop now and refusing to pay again.,resolved,
TK-100548,MER-0050,2026-04-10 12:59:00,portal,Where is our payout for 10 Apr?,Good morning team. We reconciled our till this morning and the payout for 10 Apr 2026 has still not hit our FCA account. Our records show n/a collected. Please advise when we should expect it.,pending_merchant,
TK-100549,MER-0047,2026-04-14 15:57:00,phone,Where is our payout for 14 Apr?,"Hie, kindly confirm status of our settlement. Amount expected is around 25.94. Ref PN100169777.",resolved,PN100169777
TK-100550,MER-0029,2026-04-30 12:15:00,portal,Add a user to our portal,Kindly send the statement for last month in Excel rather than PDF.,resolved,PN100088278
TK-100551,MER-0023,2026-03-22 19:55:00,whatsapp,Add a user to our portal,Kindly send the statement for last month in Excel rather than PDF.,pending_merchant,PN100033831
TK-100552,MER-0003,2026-04-10 06:27:00,whatsapp,Refund request for PN100114324,"We need to refund 21.83 on PN100114324, the goods were returned. What is the process and how long does it take to reflect?",closed,PN100114324
TK-100553,MER-0030,2026-03-16 14:32:00,whatsapp,API returning 401 after key rotation,"We rotated our API key yesterday and now every request returns {""error"":""unauthorised""}. Nothing else changed on our side. Can you check whether the old key is still active?",closed,PN100026039
TK-100554,MER-0023,2026-04-27 17:19:00,whatsapp,Request for fee breakdown,Can you send a breakdown of fees for the period? We need it for our audit and the summary figure alone is not enough.,closed,
TK-100555,MER-0032,2026-03-30 10:03:00,portal,Payment declined repeatedly,Customer says payment went through on their phone but our dashboard shows failed. not recorded. They are in the shop now and refusing to pay again.,closed,
TK-100556,MER-0041,2026-04-11 12:04:00,whatsapp,Add a user to our portal,We are changing our settlement bank. What documents do you need from us?,pending_merchant,PN100136629
TK-100557,MER-0008,2026-03-02 19:47:00,email,Please reverse duplicate charge,"Customer was charged twice for the same order. Please reverse one of them. Ref not recorded, amount n/a. She has been calling since yesterday.",open,
TK-100558,MER-0003,2026-03-08 15:40:00,portal,Settlement not received for 08 Mar,"Hie, kindly confirm status of our settlement. Amount expected is around n/a. Ref not recorded.",pending_merchant,
TK-100559,MER-0058,2026-03-07 12:34:00,email,Callback not firing on our staging environment,"Question on statuses: if a payment sits at pending, how long before we can treat it as failed? Our checkout currently waits 30 seconds then gives up.",pending_merchant,
TK-100560,MER-0036,2026-03-02 11:06:00,portal,Funds still not in our account,"We have not received settlement for 02 Mar 2026. This is the second time this month. Can someone check the batch on your side and come back to me today, we have suppliers waiting.",resolved,
TK-100561,MER-0036,2026-03-26 17:36:00,email,Settlement not received for 26 Mar,"Hie, kindly confirm status of our settlement. Amount expected is around 2,631.53. Ref PN100159818.",pending_merchant,PN100159818
TK-100562,MER-0052,2026-04-09 09:37:00,email,API returning 401 after key rotation,"Question on statuses: if a payment sits at pending, how long before we can treat it as failed? Our checkout currently waits 30 seconds then gives up.",resolved,PN100097404
TK-100563,MER-0036,2026-03-10 15:55:00,phone,Payment declined repeatedly,Customer says payment went through on their phone but our dashboard shows failed. PN100166801. They are in the shop now and refusing to pay again.,resolved,PN100166801
TK-100564,MER-0051,2026-04-07 15:24:00,portal,API returning 401 after key rotation,"We rotated our API key yesterday and now every request returns {""error"":""unauthorised""}. Nothing else changed on our side. Can you check whether the old key is still active?",pending_merchant,PN100038620
TK-100565,MER-0044,2026-03-21 07:34:00,whatsapp,Payment declined repeatedly,Customer says payment went through on their phone but our dashboard shows failed. PN100013534. They are in the shop now and refusing to pay again.,open,PN100013534
TK-100566,MER-0029,2026-04-02 13:16:00,email,Add a user to our portal,Kindly send the statement for last month in Excel rather than PDF.,closed,PN100008416
TK-100567,MER-0010,2026-04-20 16:59:00,portal,API returning 401 after key rotation,"Question on statuses: if a payment sits at pending, how long before we can treat it as failed? Our checkout currently waits 30 seconds then gives up.",open,
TK-100568,MER-0040,2026-03-05 06:28:00,portal,Customer double charged,"We need to refund n/a on not recorded, the goods were returned. What is the process and how long does it take to reflect?",resolved,
TK-100569,MER-0020,2026-03-21 14:22:00,email,Funds still not in our account,"We have not received settlement for 21 Mar 2026. This is the second time this month. Can someone check the batch on your side and come back to me today, we have suppliers waiting.",resolved,
TK-100570,MER-0009,2026-04-10 19:52:00,whatsapp,Transaction PN100020406 failed on checkout,We are seeing a lot of declines this afternoon on mobile money. Ref PN100020406 is one example. Is there a problem on the rail side or is it us?,resolved,PN100020406
TK-100571,MER-0034,2026-04-30 19:00:00,email,API returning 401 after key rotation,"We rotated our API key yesterday and now every request returns {""error"":""unauthorised""}. Nothing else changed on our side. Can you check whether the old key is still active?",resolved,PN100149169
TK-100572,MER-0046,2026-04-11 19:04:00,email,Settlement not received for 11 Apr,"Hie, kindly confirm status of our settlement. Amount expected is around 20.29. Ref PN100003080.",closed,PN100003080
TK-100573,MER-0026,2026-04-19 08:03:00,phone,Possible fraudulent payments overnight,"We had a series of small payments overnight from what looks like the same payer, all just under our review threshold. One ref is PN100113047. Can you block that payer and advise on next steps?
Sent from my mobile device",resolved,PN100113047
TK-100574,MER-0033,2026-04-01 10:01:00,whatsapp,Please reverse duplicate charge,"We need to refund 10.50 on PN100092192, the goods were returned. What is the process and how long does it take to reflect?",closed,PN100092192
TK-100575,MER-0016,2026-04-13 11:37:00,portal,Transaction PN100153195 failed on checkout,We are seeing a lot of declines this afternoon on mobile money. Ref PN100153195 is one example. Is there a problem on the rail side or is it us?,open,PN100153195
TK-100576,MER-0048,2026-04-21 08:54:00,email,Please reverse duplicate charge,"We need to refund 6.31 on PN100081602, the goods were returned. What is the process and how long does it take to reflect?",resolved,PN100081602
TK-100577,MER-0005,2026-04-30 19:44:00,email,Payment declined repeatedly,Customer says payment went through on their phone but our dashboard shows failed. PN100121815. They are in the shop now and refusing to pay again.,closed,PN100121815
TK-100578,MER-0055,2026-03-01 08:35:00,portal,Settlement not received for 01 Mar,Good morning team. We reconciled our till this morning and the payout for 01 Mar 2026 has still not hit our FCA account. Our records show 10.47 collected. Please advise when we should expect it.,closed,PN100072121
TK-100579,MER-0009,2026-04-27 12:24:00,portal,Callback not firing on our staging environment,"Question on statuses: if a payment sits at pending, how long before we can treat it as failed? Our checkout currently waits 30 seconds then gives up.",resolved,
TK-100580,MER-0025,2026-04-04 14:53:00,whatsapp,Transaction n/a failed on checkout,Customer says payment went through on their phone but our dashboard shows failed. not recorded. They are in the shop now and refusing to pay again.,open,
TK-100581,MER-0014,2026-03-24 14:52:00,phone,Customer double charged,"We need to refund 15.80 on PN100045364, the goods were returned. What is the process and how long does it take to reflect?",open,PN100045364
TK-100582,MER-0033,2026-03-27 14:48:00,portal,Customer payment failed but was debited,"A customer tried to pay n/a and got an error on the checkout page, but they are telling me their wallet was debited. Transaction ref is not recorded. Please reverse or confirm.",closed,
TK-100583,MER-0041,2026-03-22 14:12:00,email,Fee does not match our agreement,Our finance team has reviewed the statement and the fee charged looks higher than the rate we agreed in the addendum. We understood the new rate applies from April. Please clarify.,closed,PN100141315
TK-100584,MER-0045,2026-03-21 14:34:00,email,Payment declined repeatedly,Customer says payment went through on their phone but our dashboard shows failed. not recorded. They are in the shop now and refusing to pay again.,closed,
TK-100585,MER-0056,2026-04-21 18:08:00,whatsapp,API returning 401 after key rotation,"Our callback endpoint is not receiving anything for successful payments, though the dashboard shows them as successful. We are on the v2 integration. Logs attached in the portal.",closed,PN100112773
TK-100586,MER-0020,2026-04-19 11:47:00,email,Fee does not match our agreement,Our finance team has reviewed the statement and the fee charged looks higher than the rate we agreed in the addendum. We understood the new rate applies from April. Please clarify.,pending_merchant,PN100042059
TK-100587,MER-0008,2026-04-15 07:52:00,portal,Customer double charged,"We need to refund 11.70 on PN100026878, the goods were returned. What is the process and how long does it take to reflect?",closed,PN100026878
TK-100588,MER-0048,2026-04-22 12:25:00,whatsapp,Change of bank account details,Kindly send the statement for last month in Excel rather than PDF.,closed,PN100161595
TK-100589,MER-0012,2026-03-15 17:00:00,email,Query on fees charged this month,Our finance team has reviewed the statement and the fee charged looks higher than the rate we agreed in the addendum. We understood the new rate applies from April. Please clarify.,closed,
TK-100590,MER-0007,2026-03-03 07:13:00,email,Transaction n/a failed on checkout,We are seeing a lot of declines this afternoon on mobile money. Ref not recorded is one example. Is there a problem on the rail side or is it us?,resolved,
TK-100591,MER-0019,2026-04-12 16:14:00,whatsapp,API returning 401 after key rotation,"We rotated our API key yesterday and now every request returns {""error"":""unauthorised""}. Nothing else changed on our side. Can you check whether the old key is still active?",closed,PN100036139
TK-100592,MER-0023,2026-03-21 18:30:00,email,Refund request for n/a,"We need to refund n/a on not recorded, the goods were returned. What is the process and how long does it take to reflect?",resolved,
TK-100593,MER-0035,2026-04-03 17:27:00,email,How do we handle the pending status?,"We rotated our API key yesterday and now every request returns {""error"":""unauthorised""}. Nothing else changed on our side. Can you check whether the old key is still active?",open,
TK-100594,MER-0020,2026-04-04 16:49:00,email,Callback not firing on our staging environment,"Question on statuses: if a payment sits at pending, how long before we can treat it as failed? Our checkout currently waits 30 seconds then gives up.",resolved,
TK-100595,MER-0039,2026-04-29 11:53:00,portal,Request for fee breakdown,Can you send a breakdown of fees for the period? We need it for our audit and the summary figure alone is not enough.,open,PN100088825
TK-100596,MER-0031,2026-04-12 10:53:00,email,Refund request for n/a,"We need to refund n/a on not recorded, the goods were returned. What is the process and how long does it take to reflect?",open,
TK-100597,MER-0041,2026-04-03 06:34:00,email,Please reverse duplicate charge,"Customer was charged twice for the same order. Please reverse one of them. Ref PN100072936, amount 4.44. She has been calling since yesterday.",pending_merchant,PN100072936
TK-100598,MER-0029,2026-03-05 07:23:00,portal,Customer payment failed but was debited,"A customer tried to pay 700.54 and got an error on the checkout page, but they are telling me their wallet was debited. Transaction ref is PN100154470. Please reverse or confirm.",resolved,PN100154470
TK-100599,MER-0051,2026-03-17 11:25:00,portal,Funds still not in our account,"We have not received settlement for 17 Mar 2026. This is the second time this month. Can someone check the batch on your side and come back to me today, we have suppliers waiting.",closed,PN100063983
TK-100600,MER-0032,2026-04-16 11:46:00,portal,Where is our payout for 16 Apr?,"We have not received settlement for 16 Apr 2026. This is the second time this month. Can someone check the batch on your side and come back to me today, we have suppliers waiting.",resolved,PN100023281
TK-100601,MER-0027,2026-04-14 09:17:00,portal,Refund request for PN100112273,"We need to refund 16.98 on PN100112273, the goods were returned. What is the process and how long does it take to reflect?",pending_merchant,PN100112273
TK-100602,MER-0053,2026-03-29 07:19:00,whatsapp,Settlement not received for 29 Mar,"We have not received settlement for 29 Mar 2026. This is the second time this month. Can someone check the batch on your side and come back to me today, we have suppliers waiting.",closed,PN100153683
TK-100603,MER-0038,2026-03-04 16:07:00,email,Refund request for PN100145836,"We need to refund 0.70 on PN100145836, the goods were returned. What is the process and how long does it take to reflect?",open,PN100145836
TK-100604,MER-0035,2026-03-08 16:10:00,email,Change of bank account details,We are changing our settlement bank. What documents do you need from us?,pending_merchant,PN100161615
TK-100605,MER-0028,2026-03-18 10:13:00,portal,Suspicious transaction pattern,"We had a series of small payments overnight from what looks like the same payer, all just under our review threshold. One ref is PN100070126. Can you block that payer and advise on next steps?",closed,PN100070126
TK-100606,MER-0004,2026-04-26 12:57:00,whatsapp,Query on fees charged this month,Can you send a breakdown of fees for the period? We need it for our audit and the summary figure alone is not enough.,closed,PN100127132
TK-100607,MER-0009,2026-03-14 16:24:00,email,Customer payment failed but was debited,"A customer tried to pay 71.70 and got an error on the checkout page, but they are telling me their wallet was debited. Transaction ref is PN100101246. Please reverse or confirm.",resolved,PN100101246
TK-100608,MER-0030,2026-04-12 15:14:00,phone,Request for statement,Please add our new finance officer to the merchant portal with view only access.,resolved,PN100041296
TK-100609,MER-0034,2026-04-21 19:25:00,email,Funds still not in our account,Good morning team. We reconciled our till this morning and the payout for 21 Apr 2026 has still not hit our FCA account. Our records show 4.26 collected. Please advise when we should expect it.,pending_merchant,PN100082891
TK-100610,MER-0061,2026-04-12 15:50:00,phone,Suspicious transaction pattern,"We had a series of small payments overnight from what looks like the same payer, all just under our review threshold. One ref is PN100077602. Can you block that payer and advise on next steps?",resolved,PN100077602
TK-100611,MER-0054,2026-03-30 18:15:00,email,Request for statement,We are changing our settlement bank. What documents do you need from us?,pending_merchant,PN100171215
TK-100612,MER-0025,2026-03-03 17:28:00,phone,Payment declined repeatedly,We are seeing a lot of declines this afternoon on mobile money. Ref not recorded is one example. Is there a problem on the rail side or is it us?,open,
TK-100613,MER-0041,2026-04-28 19:09:00,whatsapp,Funds still not in our account,"Hie, kindly confirm status of our settlement. Amount expected is around 8.07. Ref PN100061745.",closed,PN100061745
TK-100614,MER-0045,2026-03-08 15:25:00,whatsapp,Transaction PN100139433 failed on checkout,"A customer tried to pay 24.98 and got an error on the checkout page, but they are telling me their wallet was debited. Transaction ref is PN100139433. Please reverse or confirm.",pending_merchant,PN100139433
TK-100615,MER-0041,2026-04-17 19:41:00,email,API returning 401 after key rotation,"Question on statuses: if a payment sits at pending, how long before we can treat it as failed? Our checkout currently waits 30 seconds then gives up.",open,
TK-100616,MER-0029,2026-03-16 13:17:00,email,Query on fees charged this month,Our finance team has reviewed the statement and the fee charged looks higher than the rate we agreed in the addendum. We understood the new rate applies from April. Please clarify.,open,PN100159480
TK-100617,MER-0061,2026-04-11 11:47:00,phone,Refund request for n/a,"Customer was charged twice for the same order. Please reverse one of them. Ref not recorded, amount n/a. She has been calling since yesterday.",resolved,
TK-100618,MER-0005,2026-04-05 16:44:00,email,Refund request for n/a,"Customer was charged twice for the same order. Please reverse one of them. Ref not recorded, amount n/a. She has been calling since yesterday.",open,
TK-100619,MER-0053,2026-03-29 12:56:00,email,Payment declined repeatedly,Customer says payment went through on their phone but our dashboard shows failed. not recorded. They are in the shop now and refusing to pay again.,open,
TK-100620,MER-0024,2026-04-25 18:49:00,whatsapp,Suspicious transaction pattern,"We had a series of small payments overnight from what looks like the same payer, all just under our review threshold. One ref is PN100172977. Can you block that payer and advise on next steps?",resolved,PN100172977
TK-100621,MER-0009,2026-03-02 15:06:00,whatsapp,Funds still not in our account,"We have not received settlement for 02 Mar 2026. This is the second time this month. Can someone check the batch on your side and come back to me today, we have suppliers waiting.",closed,PN100006822
TK-100622,MER-0043,2026-04-29 18:55:00,email,Settlement not received for 29 Apr,"Hie, kindly confirm status of our settlement. Amount expected is around n/a. Ref not recorded.",open,
TK-100623,MER-0055,2026-04-02 18:39:00,email,Transaction PN100152579 failed on checkout,"A customer tried to pay 11.23 and got an error on the checkout page, but they are telling me their wallet was debited. Transaction ref is PN100152579. Please reverse or confirm.",pending_merchant,PN100152579
TK-100624,MER-0016,2026-03-20 14:02:00,portal,Where is our payout for 20 Mar?,"We have not received settlement for 20 Mar 2026. This is the second time this month. Can someone check the batch on your side and come back to me today, we have suppliers waiting.",closed,PN100112826
TK-100625,MER-0015,2026-04-25 13:00:00,whatsapp,Refund request for PN100172708,"Customer was charged twice for the same order. Please reverse one of them. Ref PN100172708, amount 33.17. She has been calling since yesterday.",closed,PN100172708
TK-100626,MER-0039,2026-04-25 12:46:00,portal,Callback not firing on our staging environment,"Question on statuses: if a payment sits at pending, how long before we can treat it as failed? Our checkout currently waits 30 seconds then gives up.",resolved,PN100066245
TK-100627,MER-0038,2026-03-24 13:14:00,email,Where is our payout for 24 Mar?,"We have not received settlement for 24 Mar 2026. This is the second time this month. Can someone check the batch on your side and come back to me today, we have suppliers waiting.",resolved,PN100030889
TK-100628,MER-0032,2026-04-14 13:33:00,portal,Where is our payout for 14 Apr?,"Hie, kindly confirm status of our settlement. Amount expected is around 4.25. Ref PN100001951.",resolved,PN100001951
TK-100629,MER-0039,2026-03-31 08:42:00,email,Please reverse duplicate charge,"Customer was charged twice for the same order. Please reverse one of them. Ref PN100048010, amount 93.96. She has been calling since yesterday.",closed,PN100048010
TK-100630,MER-0047,2026-04-20 14:34:00,phone,Customer payment failed but was debited,Customer says payment went through on their phone but our dashboard shows failed. PN100158942. They are in the shop now and refusing to pay again.,closed,PN100158942
TK-100631,MER-0037,2026-04-07 12:11:00,whatsapp,Add a user to our portal,Please add our new finance officer to the merchant portal with view only access.,resolved,PN100079771
TK-100632,MER-0053,2026-04-08 13:08:00,email,Query on fees charged this month,Can you send a breakdown of fees for the period? We need it for our audit and the summary figure alone is not enough.,open,PN100089040
TK-100633,MER-0058,2026-03-07 14:08:00,email,Settlement not received for 07 Mar,"We have not received settlement for 07 Mar 2026. This is the second time this month. Can someone check the batch on your side and come back to me today, we have suppliers waiting.",closed,
TK-100634,MER-0002,2026-03-27 09:05:00,whatsapp,Possible fraudulent payments overnight,"We had a series of small payments overnight from what looks like the same payer, all just under our review threshold. One ref is PN100103154. Can you block that payer and advise on next steps?",pending_merchant,PN100103154
TK-100635,MER-0034,2026-04-21 11:39:00,portal,Payment declined repeatedly,Customer says payment went through on their phone but our dashboard shows failed. PN100009664. They are in the shop now and refusing to pay again.,closed,PN100009664
TK-100636,MER-0001,2026-04-23 18:53:00,portal,Please reverse duplicate charge,"We need to refund 114.73 on PN100133761, the goods were returned. What is the process and how long does it take to reflect?",closed,PN100133761
TK-100637,MER-0051,2026-03-16 08:18:00,email,Change of bank account details,Please add our new finance officer to the merchant portal with view only access.,resolved,PN100033243
TK-100638,MER-0015,2026-03-08 15:28:00,email,Customer payment failed but was debited,We are seeing a lot of declines this afternoon on mobile money. Ref PN100104212 is one example. Is there a problem on the rail side or is it us?,closed,PN100104212
TK-100639,MER-0048,2026-04-03 12:49:00,email,Fee does not match our agreement,Our finance team has reviewed the statement and the fee charged looks higher than the rate we agreed in the addendum. We understood the new rate applies from April. Please clarify.,pending_merchant,PN100168392
TK-100640,MER-0058,2026-04-01 18:12:00,phone,Customer double charged,"We need to refund 26.38 on PN100169142, the goods were returned. What is the process and how long does it take to reflect?",resolved,PN100169142
TK-100641,MER-0034,2026-03-08 13:31:00,portal,Add a user to our portal,Kindly send the statement for last month in Excel rather than PDF.,resolved,
TK-100642,MER-0050,2026-03-05 19:08:00,email,API returning 401 after key rotation,"We rotated our API key yesterday and now every request returns {""error"":""unauthorised""}. Nothing else changed on our side. Can you check whether the old key is still active?",closed,
TK-100643,MER-0010,2026-04-23 16:43:00,email,Customer payment failed but was debited,Customer says payment went through on their phone but our dashboard shows failed. PN100135261. They are in the shop now and refusing to pay again.,resolved,PN100135261
TK-100644,MER-0037,2026-03-26 07:59:00,portal,API returning 401 after key rotation,"We rotated our API key yesterday and now every request returns {""error"":""unauthorised""}. Nothing else changed on our side. Can you check whether the old key is still active?",closed,PN100164552
TK-100645,MER-0017,2026-04-30 08:48:00,email,Payment declined repeatedly,"A customer tried to pay n/a and got an error on the checkout page, but they are telling me their wallet was debited. Transaction ref is not recorded. Please reverse or confirm.",resolved,
TK-100646,MER-0020,2026-03-28 19:00:00,portal,Transaction PN100127365 failed on checkout,Customer says payment went through on their phone but our dashboard shows failed. PN100127365. They are in the shop now and refusing to pay again.,pending_merchant,PN100127365
TK-100647,MER-0053,2026-03-11 18:51:00,email,Query on fees charged this month,Our finance team has reviewed the statement and the fee charged looks higher than the rate we agreed in the addendum. We understood the new rate applies from April. Please clarify.,open,PN100162567
TK-100648,MER-0025,2026-04-05 17:15:00,email,Add a user to our portal,Kindly send the statement for last month in Excel rather than PDF.,pending_merchant,PN100150889
TK-100649,MER-0027,2026-03-30 17:03:00,portal,Where is our payout for 30 Mar?,"Hie, kindly confirm status of our settlement. Amount expected is around 40.87. Ref PN100141128.",open,PN100141128
TK-100650,MER-0018,2026-03-28 10:56:00,whatsapp,Change of bank account details,Kindly send the statement for last month in Excel rather than PDF.,open,PN100137448
TK-100651,MER-0006,2026-04-05 08:33:00,portal,Customer payment failed but was debited,"We are seeing a lot of declines this afternoon on mobile money. Ref not recorded is one example. Is there a problem on the rail side or is it us?
Sent from my mobile device",pending_merchant,
TK-100652,MER-0009,2026-04-23 08:18:00,email,Fee does not match our agreement,Our finance team has reviewed the statement and the fee charged looks higher than the rate we agreed in the addendum. We understood the new rate applies from April. Please clarify.,resolved,PN100094278
TK-100653,MER-0037,2026-04-18 14:37:00,email,API returning 401 after key rotation,"We rotated our API key yesterday and now every request returns {""error"":""unauthorised""}. Nothing else changed on our side. Can you check whether the old key is still active?",open,PN100079622
TK-100654,MER-0031,2026-03-18 19:27:00,portal,Customer payment failed but was debited,Customer says payment went through on their phone but our dashboard shows failed. PN100179863. They are in the shop now and refusing to pay again.,resolved,PN100179863
TK-100655,MER-0060,2026-04-03 13:46:00,email,Funds still not in our account,"We have not received settlement for 03 Apr 2026. This is the second time this month. Can someone check the batch on your side and come back to me today, we have suppliers waiting.",resolved,PN100177162
TK-100656,MER-0006,2026-04-22 19:07:00,portal,API returning 401 after key rotation,"Our callback endpoint is not receiving anything for successful payments, though the dashboard shows them as successful. We are on the v2 integration. Logs attached in the portal.",resolved,PN100046883
TK-100657,MER-0010,2026-04-16 09:05:00,whatsapp,Payment declined repeatedly,Customer says payment went through on their phone but our dashboard shows failed. PN100119943. They are in the shop now and refusing to pay again.,closed,PN100119943
TK-100658,MER-0061,2026-04-09 14:37:00,whatsapp,Transaction n/a failed on checkout,We are seeing a lot of declines this afternoon on mobile money. Ref not recorded is one example. Is there a problem on the rail side or is it us?,pending_merchant,
TK-100659,MER-0041,2026-04-01 15:38:00,email,Where is our payout for 01 Apr?,Good morning team. We reconciled our till this morning and the payout for 01 Apr 2026 has still not hit our FCA account. Our records show n/a collected. Please advise when we should expect it.,open,
TK-100660,MER-0027,2026-03-19 17:52:00,phone,Callback not firing on our staging environment,"Our callback endpoint is not receiving anything for successful payments, though the dashboard shows them as successful. We are on the v2 integration. Logs attached in the portal.",open,PN100090131
TK-100661,MER-0029,2026-03-07 13:25:00,whatsapp,Payment declined repeatedly,"A customer tried to pay n/a and got an error on the checkout page, but they are telling me their wallet was debited. Transaction ref is not recorded. Please reverse or confirm.",pending_merchant,
TK-100662,MER-0046,2026-04-19 08:06:00,email,Request for statement,We are changing our settlement bank. What documents do you need from us?,resolved,PN100064347
TK-100663,MER-0006,2026-03-09 06:59:00,email,Callback not firing on our staging environment,"Our callback endpoint is not receiving anything for successful payments, though the dashboard shows them as successful. We are on the v2 integration. Logs attached in the portal.",resolved,
TK-100664,MER-0037,2026-04-17 18:37:00,email,Refund request for PN100079575,"We need to refund 19.82 on PN100079575, the goods were returned. What is the process and how long does it take to reflect?",open,PN100079575
TK-100665,MER-0012,2026-04-23 07:29:00,email,Customer payment failed but was debited,We are seeing a lot of declines this afternoon on mobile money. Ref PN100056985 is one example. Is there a problem on the rail side or is it us?,resolved,PN100056985
TK-100666,MER-0028,2026-03-11 11:58:00,portal,Customer payment failed but was debited,"A customer tried to pay n/a and got an error on the checkout page, but they are telling me their wallet was debited. Transaction ref is not recorded. Please reverse or confirm.",closed,
TK-100667,MER-0018,2026-03-20 10:12:00,portal,Request for statement,We are changing our settlement bank. What documents do you need from us?,resolved,PN100057835
TK-100668,MER-0036,2026-03-07 11:44:00,email,Suspicious transaction pattern,"We had a series of small payments overnight from what looks like the same payer, all just under our review threshold. One ref is not recorded. Can you block that payer and advise on next steps?",open,
TK-100669,MER-0032,2026-03-14 06:33:00,email,Transaction PN100111843 failed on checkout,Customer says payment went through on their phone but our dashboard shows failed. PN100111843. They are in the shop now and refusing to pay again.,closed,PN100111843
TK-100670,MER-0046,2026-04-09 14:14:00,portal,Customer payment failed but was debited,We are seeing a lot of declines this afternoon on mobile money. Ref not recorded is one example. Is there a problem on the rail side or is it us?,pending_merchant,
TK-100671,MER-0036,2026-03-13 14:42:00,email,Change of bank account details,We are changing our settlement bank. What documents do you need from us?,resolved,PN100008422
TK-100672,MER-0044,2026-04-24 17:42:00,portal,Customer double charged,"Customer was charged twice for the same order. Please reverse one of them. Ref PN100146948, amount 325.03. She has been calling since yesterday.",closed,PN100146948
TK-100673,MER-0032,2026-04-24 12:46:00,email,Funds still not in our account,Good morning team. We reconciled our till this morning and the payout for 24 Apr 2026 has still not hit our FCA account. Our records show n/a collected. Please advise when we should expect it.,closed,
TK-100674,MER-0005,2026-04-30 13:54:00,email,API returning 401 after key rotation,"Question on statuses: if a payment sits at pending, how long before we can treat it as failed? Our checkout currently waits 30 seconds then gives up.
Sent from my mobile device",resolved,
TK-100675,MER-0001,2026-03-30 11:25:00,whatsapp,Customer double charged,"Customer was charged twice for the same order. Please reverse one of them. Ref PN100002462, amount 1,385.78. She has been calling since yesterday.",pending_merchant,PN100002462
TK-100676,MER-0037,2026-03-23 13:36:00,phone,Callback not firing on our staging environment,"Our callback endpoint is not receiving anything for successful payments, though the dashboard shows them as successful. We are on the v2 integration. Logs attached in the portal.",pending_merchant,PN100133170
TK-100677,MER-0048,2026-03-08 10:11:00,whatsapp,Fee does not match our agreement,Our finance team has reviewed the statement and the fee charged looks higher than the rate we agreed in the addendum. We understood the new rate applies from April. Please clarify.,open,PN100080140
TK-100678,MER-0060,2026-03-08 16:06:00,phone,Suspicious transaction pattern,"We had a series of small payments overnight from what looks like the same payer, all just under our review threshold. One ref is not recorded. Can you block that payer and advise on next steps?",open,
TK-100679,MER-0049,2026-03-17 19:33:00,whatsapp,API returning 401 after key rotation,"We rotated our API key yesterday and now every request returns {""error"":""unauthorised""}. Nothing else changed on our side. Can you check whether the old key is still active?",resolved,PN100035329
TK-100680,MER-0033,2026-03-21 16:21:00,email,Customer payment failed but was debited,We are seeing a lot of declines this afternoon on mobile money. Ref not recorded is one example. Is there a problem on the rail side or is it us?,closed,
TK-100681,MER-0044,2026-04-23 12:17:00,portal,Fee does not match our agreement,Can you send a breakdown of fees for the period? We need it for our audit and the summary figure alone is not enough.,resolved,
TK-100682,MER-0007,2026-04-30 06:38:00,portal,Request for fee breakdown,Can you send a breakdown of fees for the period? We need it for our audit and the summary figure alone is not enough.,open,PN100036171
TK-100683,MER-0047,2026-03-23 18:44:00,email,Refund request for PN100032823,"Customer was charged twice for the same order. Please reverse one of them. Ref PN100032823, amount 116.05. She has been calling since yesterday.",closed,PN100032823
TK-100684,MER-0061,2026-04-08 06:36:00,portal,Where is our payout for 08 Apr?,Good morning team. We reconciled our till this morning and the payout for 08 Apr 2026 has still not hit our FCA account. Our records show 9.85 collected. Please advise when we should expect it.,pending_merchant,PN100100766
TK-100685,MER-0050,2026-03-01 09:18:00,whatsapp,Settlement not received for 01 Mar,Good morning team. We reconciled our till this morning and the payout for 01 Mar 2026 has still not hit our FCA account. Our records show 4.17 collected. Please advise when we should expect it.,closed,PN100018865
TK-100686,MER-0037,2026-03-03 12:48:00,portal,Customer double charged,"We need to refund 160.69 on PN100058175, the goods were returned. What is the process and how long does it take to reflect?",open,PN100058175
TK-100687,MER-0020,2026-03-31 16:35:00,portal,Where is our payout for 31 Mar?,Good morning team. We reconciled our till this morning and the payout for 31 Mar 2026 has still not hit our FCA account. Our records show 39.55 collected. Please advise when we should expect it.,resolved,PN100132798
TK-100688,MER-0015,2026-04-25 16:48:00,email,Change of bank account details,Please add our new finance officer to the merchant portal with view only access.,open,
TK-100689,MER-0056,2026-04-08 11:09:00,whatsapp,Query on fees charged this month,Our finance team has reviewed the statement and the fee charged looks higher than the rate we agreed in the addendum. We understood the new rate applies from April. Please clarify.,pending_merchant,PN100054637
TK-100690,MER-0030,2026-04-03 18:37:00,email,Customer double charged,"Customer was charged twice for the same order. Please reverse one of them. Ref PN100171333, amount 3.13. She has been calling since yesterday.",resolved,PN100171333
TK-100691,MER-0005,2026-04-15 08:01:00,portal,Customer double charged,"Customer was charged twice for the same order. Please reverse one of them. Ref PN100056929, amount 22.26. She has been calling since yesterday.",pending_merchant,PN100056929
TK-100692,MER-0034,2026-04-14 08:42:00,portal,Request for statement,Please add our new finance officer to the merchant portal with view only access.,pending_merchant,PN100104971
TK-100693,MER-0006,2026-03-20 17:46:00,portal,Transaction n/a failed on checkout,Customer says payment went through on their phone but our dashboard shows failed. not recorded. They are in the shop now and refusing to pay again.,resolved,
TK-100694,MER-0046,2026-04-18 17:01:00,email,Settlement not received for 18 Apr,Good morning team. We reconciled our till this morning and the payout for 18 Apr 2026 has still not hit our FCA account. Our records show 62.41 collected. Please advise when we should expect it.,resolved,PN100018899
TK-100695,MER-0029,2026-03-15 17:13:00,whatsapp,Please reverse duplicate charge,"We need to refund 130.09 on PN100058632, the goods were returned. What is the process and how long does it take to reflect?",open,PN100058632
TK-100696,MER-0020,2026-03-13 06:48:00,email,Callback not firing on our staging environment,"We rotated our API key yesterday and now every request returns {""error"":""unauthorised""}. Nothing else changed on our side. Can you check whether the old key is still active?",closed,PN100032330
TK-100697,MER-0035,2026-03-23 06:30:00,email,Change of bank account details,We are changing our settlement bank. What documents do you need from us?,pending_merchant,PN100068087
TK-100698,MER-0045,2026-03-30 12:52:00,portal,Customer payment failed but was debited,We are seeing a lot of declines this afternoon on mobile money. Ref PN100167370 is one example. Is there a problem on the rail side or is it us?,closed,PN100167370
TK-100699,MER-0020,2026-03-06 16:30:00,phone,Query on fees charged this month,Can you send a breakdown of fees for the period? We need it for our audit and the summary figure alone is not enough.,open,PN100147170
TK-100700,MER-0011,2026-03-14 08:05:00,email,Where is our payout for 14 Mar?,Good morning team. We reconciled our till this morning and the payout for 14 Mar 2026 has still not hit our FCA account. Our records show 9.52 collected. Please advise when we should expect it.,pending_merchant,PN100010412
TK-100701,MER-0028,2026-03-17 08:17:00,email,Request for statement,We are changing our settlement bank. What documents do you need from us?,open,
TK-100702,MER-0049,2026-04-19 11:34:00,email,Callback not firing on our staging environment,"Question on statuses: if a payment sits at pending, how long before we can treat it as failed? Our checkout currently waits 30 seconds then gives up.",open,PN100176961
TK-100703,MER-0035,2026-04-06 16:56:00,whatsapp,Request for statement,Please add our new finance officer to the merchant portal with view only access.,closed,PN100047010
TK-100704,MER-0051,2026-03-29 16:56:00,email,Customer double charged,"We need to refund 73.61 on PN100093143, the goods were returned. What is the process and how long does it take to reflect?",closed,PN100093143
TK-100705,MER-0055,2026-03-31 09:10:00,email,Customer double charged,"Customer was charged twice for the same order. Please reverse one of them. Ref PN100111208, amount 24.72. She has been calling since yesterday.",resolved,PN100111208
TK-100706,MER-0058,2026-04-21 18:31:00,email,Where is our payout for 21 Apr?,"We have not received settlement for 21 Apr 2026. This is the second time this month. Can someone check the batch on your side and come back to me today, we have suppliers waiting.",pending_merchant,
TK-100707,MER-0037,2026-03-08 14:31:00,email,Change of bank account details,We are changing our settlement bank. What documents do you need from us?,resolved,PN100132580
TK-100708,MER-0043,2026-03-09 09:19:00,whatsapp,Request for fee breakdown,Can you send a breakdown of fees for the period? We need it for our audit and the summary figure alone is not enough.,closed,PN100005862
TK-100709,MER-0034,2026-04-13 18:56:00,email,Where is our payout for 13 Apr?,"We have not received settlement for 13 Apr 2026. This is the second time this month. Can someone check the batch on your side and come back to me today, we have suppliers waiting.",resolved,PN100079487
TK-100710,MER-0038,2026-04-02 10:44:00,email,Customer payment failed but was debited,Customer says payment went through on their phone but our dashboard shows failed. PN100166270. They are in the shop now and refusing to pay again.,resolved,PN100166270
TK-100711,MER-0026,2026-04-06 13:44:00,email,How do we handle the pending status?,"Our callback endpoint is not receiving anything for successful payments, though the dashboard shows them as successful. We are on the v2 integration. Logs attached in the portal.",closed,PN100130706
TK-100712,MER-0035,2026-04-02 13:36:00,whatsapp,Query on fees charged this month,Can you send a breakdown of fees for the period? We need it for our audit and the summary figure alone is not enough.,pending_merchant,PN100061801
TK-100713,MER-0045,2026-04-14 14:52:00,phone,Query on fees charged this month,Can you send a breakdown of fees for the period? We need it for our audit and the summary figure alone is not enough.,closed,PN100029654
TK-100714,MER-0039,2026-04-03 10:41:00,email,Customer payment failed but was debited,"A customer tried to pay n/a and got an error on the checkout page, but they are telling me their wallet was debited. Transaction ref is not recorded. Please reverse or confirm.",pending_merchant,
TK-100715,MER-0023,2026-04-27 11:33:00,portal,Please reverse duplicate charge,"Customer was charged twice for the same order. Please reverse one of them. Ref PN100160101, amount 19.16. She has been calling since yesterday.
Sent from my mobile device",resolved,PN100160101
TK-100716,MER-0036,2026-04-28 06:09:00,email,Callback not firing on our staging environment,"Our callback endpoint is not receiving anything for successful payments, though the dashboard shows them as successful. We are on the v2 integration. Logs attached in the portal.",resolved,PN100035821
TK-100717,MER-0037,2026-03-16 15:10:00,email,Where is our payout for 16 Mar?,"We have not received settlement for 16 Mar 2026. This is the second time this month. Can someone check the batch on your side and come back to me today, we have suppliers waiting.",resolved,PN100067496
TK-100718,MER-0032,2026-03-29 07:38:00,whatsapp,Customer double charged,"Customer was charged twice for the same order. Please reverse one of them. Ref PN100113411, amount 5.13. She has been calling since yesterday.",pending_merchant,PN100113411
TK-100719,MER-0032,2026-03-29 12:47:00,phone,Request for statement,We are changing our settlement bank. What documents do you need from us?,resolved,PN100151245
TK-100720,MER-0016,2026-03-16 07:41:00,email,Request for fee breakdown,Our finance team has reviewed the statement and the fee charged looks higher than the rate we agreed in the addendum. We understood the new rate applies from April. Please clarify.,pending_merchant,PN100147668
TK-100721,MER-0052,2026-04-09 13:39:00,portal,Add a user to our portal,Kindly send the statement for last month in Excel rather than PDF.,resolved,PN100037518
TK-100722,MER-0006,2026-04-25 10:05:00,whatsapp,Funds still not in our account,"Hie, kindly confirm status of our settlement. Amount expected is around 3.68. Ref PN100072114.",pending_merchant,PN100072114
TK-100723,MER-0038,2026-04-23 18:19:00,whatsapp,Suspicious transaction pattern,"We had a series of small payments overnight from what looks like the same payer, all just under our review threshold. One ref is PN100035337. Can you block that payer and advise on next steps?",pending_merchant,PN100035337
TK-100724,MER-0016,2026-03-23 18:43:00,email,Where is our payout for 23 Mar?,Good morning team. We reconciled our till this morning and the payout for 23 Mar 2026 has still not hit our FCA account. Our records show n/a collected. Please advise when we should expect it.,resolved,
TK-100725,MER-0006,2026-03-28 19:56:00,whatsapp,Funds still not in our account,"We have not received settlement for 28 Mar 2026. This is the second time this month. Can someone check the batch on your side and come back to me today, we have suppliers waiting.",open,PN100146914
TK-100726,MER-0061,2026-03-08 08:17:00,email,Request for statement,We are changing our settlement bank. What documents do you need from us?,closed,
TK-100727,MER-0011,2026-03-28 19:51:00,email,Customer payment failed but was debited,We are seeing a lot of declines this afternoon on mobile money. Ref not recorded is one example. Is there a problem on the rail side or is it us?,closed,
TK-100728,MER-0001,2026-04-13 06:07:00,whatsapp,Request for statement,We are changing our settlement bank. What documents do you need from us?,open,
TK-100729,MER-0028,2026-04-14 19:51:00,email,Refund request for n/a,"We need to refund n/a on not recorded, the goods were returned. What is the process and how long does it take to reflect?",resolved,
TK-100730,MER-0003,2026-03-14 17:21:00,portal,Transaction PN100171880 failed on checkout,Customer says payment went through on their phone but our dashboard shows failed. PN100171880. They are in the shop now and refusing to pay again.,pending_merchant,PN100171880
TK-100731,MER-0041,2026-03-23 17:37:00,whatsapp,Possible fraudulent payments overnight,"We had a series of small payments overnight from what looks like the same payer, all just under our review threshold. One ref is PN100092489. Can you block that payer and advise on next steps?",closed,PN100092489
TK-100732,MER-0019,2026-04-04 18:20:00,email,Change of bank account details,Please add our new finance officer to the merchant portal with view only access.,closed,
TK-100733,MER-0023,2026-03-23 15:14:00,portal,API returning 401 after key rotation,"We rotated our API key yesterday and now every request returns {""error"":""unauthorised""}. Nothing else changed on our side. Can you check whether the old key is still active?",open,
TK-100734,MER-0058,2026-04-24 13:07:00,email,Refund request for PN100134914,"We need to refund 789.70 on PN100134914, the goods were returned. What is the process and how long does it take to reflect?",open,PN100134914
TK-100735,MER-0058,2026-04-23 14:03:00,email,Query on fees charged this month,Can you send a breakdown of fees for the period? We need it for our audit and the summary figure alone is not enough.,open,PN100078661
TK-100736,MER-0054,2026-03-31 17:44:00,whatsapp,Possible fraudulent payments overnight,"We had a series of small payments overnight from what looks like the same payer, all just under our review threshold. One ref is PN100055344. Can you block that payer and advise on next steps?",resolved,PN100055344
TK-100737,MER-0056,2026-03-04 15:23:00,whatsapp,Request for statement,Please add our new finance officer to the merchant portal with view only access.,open,PN100051616
TK-100738,MER-0006,2026-03-17 13:06:00,email,Where is our payout for 17 Mar?,Good morning team. We reconciled our till this morning and the payout for 17 Mar 2026 has still not hit our FCA account. Our records show 6.82 collected. Please advise when we should expect it.,open,PN100024841
TK-100739,MER-0003,2026-04-27 13:53:00,portal,Request for fee breakdown,Our finance team has reviewed the statement and the fee charged looks higher than the rate we agreed in the addendum. We understood the new rate applies from April. Please clarify.,resolved,PN100115772
TK-100740,MER-0006,2026-03-26 13:31:00,portal,Request for fee breakdown,"Can you send a breakdown of fees for the period? We need it for our audit and the summary figure alone is not enough.
Sent from my mobile device",open,PN100138167
TK-100741,MER-0010,2026-03-05 14:03:00,email,Customer payment failed but was debited,We are seeing a lot of declines this afternoon on mobile money. Ref PN100029066 is one example. Is there a problem on the rail side or is it us?,closed,PN100029066
TK-100742,MER-0041,2026-04-02 11:23:00,portal,Payment declined repeatedly,Customer says payment went through on their phone but our dashboard shows failed. PN100173577. They are in the shop now and refusing to pay again.,open,PN100173577
TK-100743,MER-0043,2026-03-15 15:56:00,portal,Transaction PN100042539 failed on checkout,Customer says payment went through on their phone but our dashboard shows failed. PN100042539. They are in the shop now and refusing to pay again.,open,PN100042539
TK-100744,MER-0029,2026-03-09 16:48:00,portal,Request for fee breakdown,Can you send a breakdown of fees for the period? We need it for our audit and the summary figure alone is not enough.,open,PN100118587
TK-100745,MER-0025,2026-03-25 12:14:00,email,Funds still not in our account,"We have not received settlement for 25 Mar 2026. This is the second time this month. Can someone check the batch on your side and come back to me today, we have suppliers waiting.",closed,PN100004140
TK-100746,MER-0010,2026-03-08 19:59:00,email,Fee does not match our agreement,Our finance team has reviewed the statement and the fee charged looks higher than the rate we agreed in the addendum. We understood the new rate applies from April. Please clarify.,closed,PN100026436
TK-100747,MER-0061,2026-04-03 06:48:00,whatsapp,Suspicious transaction pattern,"We had a series of small payments overnight from what looks like the same payer, all just under our review threshold. One ref is PN100060754. Can you block that payer and advise on next steps?",closed,PN100060754
TK-100748,MER-0003,2026-03-13 19:48:00,portal,Request for fee breakdown,"Our finance team has reviewed the statement and the fee charged looks higher than the rate we agreed in the addendum. We understood the new rate applies from April. Please clarify.
Sent from my mobile device",open,PN100027015
TK-100749,MER-0062,2026-03-28 11:32:00,email,Refund request for PN100031954,"Customer was charged twice for the same order. Please reverse one of them. Ref PN100031954, amount 131.83. She has been calling since yesterday.",closed,PN100031954
TK-100750,MER-0059,2026-03-25 17:39:00,portal,Settlement not received for 25 Mar,Good morning team. We reconciled our till this morning and the payout for 25 Mar 2026 has still not hit our FCA account. Our records show 1.81 collected. Please advise when we should expect it.,closed,PN100003572
TK-100751,MER-0058,2026-04-07 07:35:00,portal,Suspicious transaction pattern,"We had a series of small payments overnight from what looks like the same payer, all just under our review threshold. One ref is PN100053930. Can you block that payer and advise on next steps?",closed,PN100053930
TK-100752,MER-0049,2026-03-31 07:25:00,portal,Transaction PN100049142 failed on checkout,Customer says payment went through on their phone but our dashboard shows failed. PN100049142. They are in the shop now and refusing to pay again.,resolved,PN100049142
TK-100753,MER-0027,2026-03-03 09:17:00,email,Settlement not received for 03 Mar,Good morning team. We reconciled our till this morning and the payout for 03 Mar 2026 has still not hit our FCA account. Our records show 37.46 collected. Please advise when we should expect it.,pending_merchant,PN100030029
TK-100754,MER-0051,2026-03-06 06:46:00,portal,Settlement not received for 06 Mar,Good morning team. We reconciled our till this morning and the payout for 06 Mar 2026 has still not hit our FCA account. Our records show n/a collected. Please advise when we should expect it.,open,
TK-100755,MER-0039,2026-04-06 13:19:00,portal,Refund request for PN100019648,"We need to refund 126.66 on PN100019648, the goods were returned. What is the process and how long does it take to reflect?
Sent from my mobile device",closed,PN100019648
TK-100756,MER-0002,2026-03-24 16:21:00,portal,Customer payment failed but was debited,We are seeing a lot of declines this afternoon on mobile money. Ref PN100089863 is one example. Is there a problem on the rail side or is it us?,open,PN100089863
TK-100757,MER-0050,2026-03-04 09:29:00,whatsapp,Request for statement,Kindly send the statement for last month in Excel rather than PDF.,resolved,PN100088830
TK-100758,MER-0048,2026-04-13 11:56:00,email,Callback not firing on our staging environment,"Our callback endpoint is not receiving anything for successful payments, though the dashboard shows them as successful. We are on the v2 integration. Logs attached in the portal.",closed,PN100162561
TK-100759,MER-0030,2026-03-29 15:47:00,email,Funds still not in our account,Good morning team. We reconciled our till this morning and the payout for 29 Mar 2026 has still not hit our FCA account. Our records show n/a collected. Please advise when we should expect it.,closed,
TK-100760,MER-0046,2026-04-17 17:32:00,email,Customer payment failed but was debited,Customer says payment went through on their phone but our dashboard shows failed. not recorded. They are in the shop now and refusing to pay again.,resolved,
TK-100761,MER-0030,2026-03-13 10:43:00,phone,Customer payment failed but was debited,Customer says payment went through on their phone but our dashboard shows failed. PN100000260. They are in the shop now and refusing to pay again.,closed,PN100000260
TK-100762,MER-0062,2026-04-03 10:58:00,email,Request for statement,We are changing our settlement bank. What documents do you need from us?,closed,PN100114534
TK-100763,MER-0038,2026-04-26 10:06:00,email,Refund request for n/a,"We need to refund n/a on not recorded, the goods were returned. What is the process and how long does it take to reflect?",pending_merchant,
TK-100764,MER-0026,2026-04-28 07:27:00,whatsapp,Payment declined repeatedly,"Customer says payment went through on their phone but our dashboard shows failed. not recorded. They are in the shop now and refusing to pay again.
Sent from my mobile device",open,
TK-100765,MER-0038,2026-03-15 16:31:00,email,Request for fee breakdown,Can you send a breakdown of fees for the period? We need it for our audit and the summary figure alone is not enough.,resolved,
TK-100766,MER-0012,2026-04-12 10:12:00,email,Transaction PN100137684 failed on checkout,Customer says payment went through on their phone but our dashboard shows failed. PN100137684. They are in the shop now and refusing to pay again.,closed,PN100137684
TK-100767,MER-0020,2026-03-21 12:34:00,email,How do we handle the pending status?,"Question on statuses: if a payment sits at pending, how long before we can treat it as failed? Our checkout currently waits 30 seconds then gives up.",open,PN100048487
TK-100768,MER-0004,2026-04-14 13:57:00,email,Payment declined repeatedly,Customer says payment went through on their phone but our dashboard shows failed. PN100145393. They are in the shop now and refusing to pay again.,closed,PN100145393
TK-100769,MER-0018,2026-03-31 07:48:00,email,Add a user to our portal,Kindly send the statement for last month in Excel rather than PDF.,resolved,
TK-100770,MER-0054,2026-03-30 19:24:00,whatsapp,Funds still not in our account,"Hie, kindly confirm status of our settlement. Amount expected is around n/a. Ref not recorded.",closed,
TK-100771,MER-0020,2026-04-10 15:08:00,email,Refund request for PN100068186,"We need to refund 10.90 on PN100068186, the goods were returned. What is the process and how long does it take to reflect?",open,PN100068186
TK-100772,MER-0031,2026-03-07 06:52:00,email,Please reverse duplicate charge,"We need to refund 158.33 on PN100069733, the goods were returned. What is the process and how long does it take to reflect?",pending_merchant,PN100069733
TK-100773,MER-0039,2026-04-08 09:29:00,portal,Customer double charged,"We need to refund 14.49 on PN100101027, the goods were returned. What is the process and how long does it take to reflect?",resolved,PN100101027
TK-100774,MER-0042,2026-04-19 19:46:00,email,Request for statement,We are changing our settlement bank. What documents do you need from us?,closed,PN100074210
TK-100775,MER-0056,2026-04-25 07:17:00,whatsapp,Change of bank account details,Please add our new finance officer to the merchant portal with view only access.,pending_merchant,
TK-100776,MER-0007,2026-04-14 15:57:00,email,Settlement not received for 14 Apr,Good morning team. We reconciled our till this morning and the payout for 14 Apr 2026 has still not hit our FCA account. Our records show 180.57 collected. Please advise when we should expect it.,closed,PN100109399
TK-100777,MER-0022,2026-03-31 07:44:00,whatsapp,Funds still not in our account,Good morning team. We reconciled our till this morning and the payout for 31 Mar 2026 has still not hit our FCA account. Our records show 27.32 collected. Please advise when we should expect it.,closed,PN100049629
TK-100778,MER-0019,2026-03-15 14:14:00,email,Customer payment failed but was debited,We are seeing a lot of declines this afternoon on mobile money. Ref PN100141070 is one example. Is there a problem on the rail side or is it us?,closed,PN100141070
TK-100779,MER-0017,2026-03-13 07:16:00,portal,Request for statement,Kindly send the statement for last month in Excel rather than PDF.,closed,
TK-100780,MER-0056,2026-03-24 08:14:00,portal,Funds still not in our account,"Hie, kindly confirm status of our settlement. Amount expected is around 2.12. Ref PN100095343.",pending_merchant,PN100095343
TK-100781,MER-0039,2026-03-03 08:27:00,whatsapp,Funds still not in our account,"We have not received settlement for 03 Mar 2026. This is the second time this month. Can someone check the batch on your side and come back to me today, we have suppliers waiting.",pending_merchant,PN100117699
TK-100782,MER-0043,2026-03-13 08:23:00,portal,Refund request for PN100146990,"We need to refund 24.26 on PN100146990, the goods were returned. What is the process and how long does it take to reflect?",resolved,PN100146990
TK-100783,MER-0039,2026-03-28 14:57:00,email,Callback not firing on our staging environment,"We rotated our API key yesterday and now every request returns {""error"":""unauthorised""}. Nothing else changed on our side. Can you check whether the old key is still active?",closed,
TK-100784,MER-0011,2026-03-27 06:08:00,whatsapp,Refund request for PN100117557,"Customer was charged twice for the same order. Please reverse one of them. Ref PN100117557, amount 58.05. She has been calling since yesterday.",resolved,PN100117557
TK-100785,MER-0048,2026-04-12 14:56:00,phone,Callback not firing on our staging environment,"We rotated our API key yesterday and now every request returns {""error"":""unauthorised""}. Nothing else changed on our side. Can you check whether the old key is still active?",closed,PN100107583
TK-100786,MER-0030,2026-03-17 06:29:00,whatsapp,Transaction PN100133004 failed on checkout,Customer says payment went through on their phone but our dashboard shows failed. PN100133004. They are in the shop now and refusing to pay again.,pending_merchant,PN100133004
TK-100787,MER-0042,2026-03-29 12:04:00,whatsapp,Payment declined repeatedly,"A customer tried to pay 1.86 and got an error on the checkout page, but they are telling me their wallet was debited. Transaction ref is PN100107367. Please reverse or confirm.",pending_merchant,PN100107367
TK-100788,MER-0015,2026-04-14 19:49:00,whatsapp,Please reverse duplicate charge,"We need to refund 31.98 on PN100090006, the goods were returned. What is the process and how long does it take to reflect?",closed,PN100090006
TK-100789,MER-0008,2026-03-01 10:17:00,portal,Fee does not match our agreement,Can you send a breakdown of fees for the period? We need it for our audit and the summary figure alone is not enough.,closed,
TK-100790,MER-0001,2026-03-02 19:22:00,portal,Request for statement,Please add our new finance officer to the merchant portal with view only access.,open,PN100090539
TK-100791,MER-0048,2026-03-26 13:51:00,phone,Payment declined repeatedly,Customer says payment went through on their phone but our dashboard shows failed. not recorded. They are in the shop now and refusing to pay again.,resolved,
TK-100792,MER-0007,2026-03-19 09:26:00,whatsapp,Request for fee breakdown,Can you send a breakdown of fees for the period? We need it for our audit and the summary figure alone is not enough.,open,PN100103726
TK-100793,MER-0031,2026-03-12 14:17:00,whatsapp,Callback not firing on our staging environment,"Question on statuses: if a payment sits at pending, how long before we can treat it as failed? Our checkout currently waits 30 seconds then gives up.",resolved,
TK-100794,MER-0028,2026-04-25 09:08:00,portal,Fee does not match our agreement,Can you send a breakdown of fees for the period? We need it for our audit and the summary figure alone is not enough.,closed,PN100049886
TK-100795,MER-0017,2026-03-24 13:40:00,phone,Payment declined repeatedly,We are seeing a lot of declines this afternoon on mobile money. Ref PN100122120 is one example. Is there a problem on the rail side or is it us?,pending_merchant,PN100122120
TK-100796,MER-0055,2026-04-28 17:27:00,portal,Suspicious transaction pattern,"We had a series of small payments overnight from what looks like the same payer, all just under our review threshold. One ref is PN100126125. Can you block that payer and advise on next steps?",closed,PN100126125
TK-100797,MER-0015,2026-03-20 16:22:00,whatsapp,Settlement not received for 20 Mar,"Hie, kindly confirm status of our settlement. Amount expected is around n/a. Ref not recorded.",closed,
TK-100798,MER-0018,2026-03-21 10:49:00,whatsapp,Transaction PN100118175 failed on checkout,We are seeing a lot of declines this afternoon on mobile money. Ref PN100118175 is one example. Is there a problem on the rail side or is it us?,resolved,PN100118175
TK-100799,MER-0051,2026-04-11 12:21:00,email,Customer payment failed but was debited,"A customer tried to pay 411.26 and got an error on the checkout page, but they are telling me their wallet was debited. Transaction ref is PN100038107. Please reverse or confirm.",resolved,PN100038107
TK-100800,MER-0024,2026-04-27 16:48:00,whatsapp,Query on fees charged this month,Our finance team has reviewed the statement and the fee charged looks higher than the rate we agreed in the addendum. We understood the new rate applies from April. Please clarify.,resolved,
TK-100801,MER-0062,2026-04-25 10:15:00,portal,How do we handle the pending status?,"We rotated our API key yesterday and now every request returns {""error"":""unauthorised""}. Nothing else changed on our side. Can you check whether the old key is still active?",resolved,
TK-100802,MER-0017,2026-04-24 18:47:00,phone,Customer payment failed but was debited,We are seeing a lot of declines this afternoon on mobile money. Ref PN100098092 is one example. Is there a problem on the rail side or is it us?,closed,PN100098092
TK-100803,MER-0034,2026-04-19 11:35:00,whatsapp,Callback not firing on our staging environment,"Our callback endpoint is not receiving anything for successful payments, though the dashboard shows them as successful. We are on the v2 integration. Logs attached in the portal.",pending_merchant,PN100102832
TK-100804,MER-0004,2026-04-06 06:31:00,phone,Customer double charged,"We need to refund 59.83 on PN100138017, the goods were returned. What is the process and how long does it take to reflect?",pending_merchant,PN100138017
TK-100805,MER-0034,2026-04-15 12:27:00,whatsapp,Where is our payout for 15 Apr?,"We have not received settlement for 15 Apr 2026. This is the second time this month. Can someone check the batch on your side and come back to me today, we have suppliers waiting.",pending_merchant,PN100011341
TK-100806,MER-0053,2026-03-06 13:33:00,portal,Where is our payout for 06 Mar?,Good morning team. We reconciled our till this morning and the payout for 06 Mar 2026 has still not hit our FCA account. Our records show 11.07 collected. Please advise when we should expect it.,resolved,PN100000280
TK-100807,MER-0028,2026-04-24 19:45:00,portal,Settlement not received for 24 Apr,"Hie, kindly confirm status of our settlement. Amount expected is around 420.60. Ref PN100118496.",closed,PN100118496
TK-100808,MER-0030,2026-04-21 12:21:00,portal,Callback not firing on our staging environment,"We rotated our API key yesterday and now every request returns {""error"":""unauthorised""}. Nothing else changed on our side. Can you check whether the old key is still active?",resolved,
TK-100809,MER-0025,2026-04-13 09:40:00,email,Funds still not in our account,"Hie, kindly confirm status of our settlement. Amount expected is around 23.12. Ref PN100163091.",resolved,PN100163091
TK-100810,MER-0056,2026-03-01 16:59:00,portal,Transaction PN100084437 failed on checkout,We are seeing a lot of declines this afternoon on mobile money. Ref PN100084437 is one example. Is there a problem on the rail side or is it us?,closed,PN100084437
TK-100811,MER-0053,2026-03-05 06:54:00,email,Query on fees charged this month,Our finance team has reviewed the statement and the fee charged looks higher than the rate we agreed in the addendum. We understood the new rate applies from April. Please clarify.,open,PN100000527
TK-100812,MER-0050,2026-04-08 14:34:00,email,API returning 401 after key rotation,"Our callback endpoint is not receiving anything for successful payments, though the dashboard shows them as successful. We are on the v2 integration. Logs attached in the portal.",resolved,
TK-100813,MER-0017,2026-03-23 11:24:00,email,Payment declined repeatedly,We are seeing a lot of declines this afternoon on mobile money. Ref PN100057629 is one example. Is there a problem on the rail side or is it us?,closed,PN100057629
TK-100814,MER-0016,2026-04-20 18:03:00,portal,Transaction PN100038634 failed on checkout,We are seeing a lot of declines this afternoon on mobile money. Ref PN100038634 is one example. Is there a problem on the rail side or is it us?,pending_merchant,PN100038634
TK-100815,MER-0001,2026-04-14 08:32:00,portal,Payment declined repeatedly,We are seeing a lot of declines this afternoon on mobile money. Ref PN100142919 is one example. Is there a problem on the rail side or is it us?,closed,PN100142919
TK-100816,MER-0016,2026-04-15 12:17:00,email,Possible fraudulent payments overnight,"We had a series of small payments overnight from what looks like the same payer, all just under our review threshold. One ref is not recorded. Can you block that payer and advise on next steps?",resolved,
TK-100817,MER-0026,2026-03-05 11:41:00,whatsapp,Payment declined repeatedly,"A customer tried to pay n/a and got an error on the checkout page, but they are telling me their wallet was debited. Transaction ref is not recorded. Please reverse or confirm.",closed,
TK-100818,MER-0023,2026-04-07 18:31:00,phone,Callback not firing on our staging environment,"Question on statuses: if a payment sits at pending, how long before we can treat it as failed? Our checkout currently waits 30 seconds then gives up.",closed,
TK-100819,MER-0038,2026-03-26 06:02:00,whatsapp,Callback not firing on our staging environment,"We rotated our API key yesterday and now every request returns {""error"":""unauthorised""}. Nothing else changed on our side. Can you check whether the old key is still active?",closed,PN100041676
TK-100820,MER-0062,2026-03-21 07:37:00,email,Payment declined repeatedly,We are seeing a lot of declines this afternoon on mobile money. Ref PN100176380 is one example. Is there a problem on the rail side or is it us?,pending_merchant,PN100176380
TK-100821,MER-0024,2026-04-03 06:05:00,portal,Customer payment failed but was debited,Customer says payment went through on their phone but our dashboard shows failed. PN100073143. They are in the shop now and refusing to pay again.,open,PN100073143
TK-100822,MER-0015,2026-03-09 13:03:00,portal,API returning 401 after key rotation,"Our callback endpoint is not receiving anything for successful payments, though the dashboard shows them as successful. We are on the v2 integration. Logs attached in the portal.",closed,PN100084226
TK-100823,MER-0048,2026-04-10 12:19:00,portal,Settlement not received for 10 Apr,"We have not received settlement for 10 Apr 2026. This is the second time this month. Can someone check the batch on your side and come back to me today, we have suppliers waiting.",pending_merchant,PN100178140
TK-100824,MER-0039,2026-04-20 18:29:00,phone,Please reverse duplicate charge,"We need to refund n/a on not recorded, the goods were returned. What is the process and how long does it take to reflect?",open,
TK-100825,MER-0002,2026-03-19 18:05:00,email,Request for fee breakdown,Can you send a breakdown of fees for the period? We need it for our audit and the summary figure alone is not enough.,resolved,PN100117987
TK-100826,MER-0019,2026-04-01 18:28:00,phone,Query on fees charged this month,Our finance team has reviewed the statement and the fee charged looks higher than the rate we agreed in the addendum. We understood the new rate applies from April. Please clarify.,pending_merchant,PN100083231
TK-100827,MER-0021,2026-03-20 19:36:00,portal,Payment declined repeatedly,Customer says payment went through on their phone but our dashboard shows failed. not recorded. They are in the shop now and refusing to pay again.,open,
TK-100828,MER-0051,2026-03-03 13:50:00,email,Transaction PN100145619 failed on checkout,Customer says payment went through on their phone but our dashboard shows failed. PN100145619. They are in the shop now and refusing to pay again.,pending_merchant,PN100145619
TK-100829,MER-0057,2026-03-30 07:00:00,portal,Where is our payout for 30 Mar?,"Hie, kindly confirm status of our settlement. Amount expected is around 1.56. Ref PN100084772.",resolved,PN100084772
TK-100830,MER-0007,2026-04-13 08:37:00,whatsapp,Query on fees charged this month,Can you send a breakdown of fees for the period? We need it for our audit and the summary figure alone is not enough.,closed,PN100035088
TK-100831,MER-0010,2026-04-10 10:58:00,phone,Refund request for PN100089345,"We need to refund 66.65 on PN100089345, the goods were returned. What is the process and how long does it take to reflect?",resolved,PN100089345
TK-100832,MER-0058,2026-03-31 15:21:00,portal,Settlement not received for 31 Mar,"We have not received settlement for 31 Mar 2026. This is the second time this month. Can someone check the batch on your side and come back to me today, we have suppliers waiting.",resolved,PN100052724
TK-100833,MER-0040,2026-04-26 06:54:00,portal,Possible fraudulent payments overnight,"We had a series of small payments overnight from what looks like the same payer, all just under our review threshold. One ref is PN100021608. Can you block that payer and advise on next steps?",pending_merchant,PN100021608
TK-100834,MER-0035,2026-04-29 12:45:00,email,Transaction PN100045196 failed on checkout,Customer says payment went through on their phone but our dashboard shows failed. PN100045196. They are in the shop now and refusing to pay again.,pending_merchant,PN100045196
TK-100835,MER-0026,2026-04-22 08:15:00,email,Payment declined repeatedly,Customer says payment went through on their phone but our dashboard shows failed. PN100164744. They are in the shop now and refusing to pay again.,closed,PN100164744
TK-100836,MER-0018,2026-04-04 12:06:00,portal,Refund request for PN100117450,"Customer was charged twice for the same order. Please reverse one of them. Ref PN100117450, amount 303.37. She has been calling since yesterday.",closed,PN100117450
TK-100837,MER-0034,2026-03-15 12:47:00,portal,API returning 401 after key rotation,"Question on statuses: if a payment sits at pending, how long before we can treat it as failed? Our checkout currently waits 30 seconds then gives up.",resolved,PN100118948
TK-100838,MER-0055,2026-03-30 14:16:00,email,Funds still not in our account,Good morning team. We reconciled our till this morning and the payout for 30 Mar 2026 has still not hit our FCA account. Our records show 44.71 collected. Please advise when we should expect it.,open,PN100176424
TK-100839,MER-0037,2026-04-02 13:48:00,email,Customer payment failed but was debited,We are seeing a lot of declines this afternoon on mobile money. Ref PN100003077 is one example. Is there a problem on the rail side or is it us?,resolved,PN100003077
TK-100840,MER-0007,2026-03-18 19:48:00,email,Payment declined repeatedly,"A customer tried to pay 9.27 and got an error on the checkout page, but they are telling me their wallet was debited. Transaction ref is PN100044814. Please reverse or confirm.",resolved,PN100044814
TK-100841,MER-0051,2026-04-14 14:17:00,email,Please reverse duplicate charge,"We need to refund 22.53 on PN100050596, the goods were returned. What is the process and how long does it take to reflect?",resolved,PN100050596
TK-100842,MER-0001,2026-03-25 12:23:00,email,Payment declined repeatedly,Customer says payment went through on their phone but our dashboard shows failed. not recorded. They are in the shop now and refusing to pay again.,resolved,
TK-100843,MER-0005,2026-03-28 07:18:00,portal,Refund request for PN100175683,"We need to refund 20.75 on PN100175683, the goods were returned. What is the process and how long does it take to reflect?",closed,PN100175683
TK-100844,MER-0054,2026-03-25 06:53:00,portal,Customer double charged,"We need to refund n/a on not recorded, the goods were returned. What is the process and how long does it take to reflect?",resolved,
TK-100845,MER-0046,2026-04-26 19:06:00,whatsapp,Add a user to our portal,We are changing our settlement bank. What documents do you need from us?,closed,
TK-100846,MER-0036,2026-04-18 16:57:00,portal,Request for fee breakdown,Can you send a breakdown of fees for the period? We need it for our audit and the summary figure alone is not enough.,closed,
TK-100847,MER-0024,2026-03-22 12:46:00,email,Suspicious transaction pattern,"We had a series of small payments overnight from what looks like the same payer, all just under our review threshold. One ref is not recorded. Can you block that payer and advise on next steps?",resolved,
TK-100848,MER-0044,2026-03-07 11:17:00,whatsapp,Payment declined repeatedly,Customer says payment went through on their phone but our dashboard shows failed. PN100013534. They are in the shop now and refusing to pay again.,resolved,PN100013534
TK-100849,MER-0009,2026-04-29 13:32:00,email,Suspicious transaction pattern,"We had a series of small payments overnight from what looks like the same payer, all just under our review threshold. One ref is PN100035923. Can you block that payer and advise on next steps?",resolved,PN100035923
TK-100850,MER-0048,2026-04-13 10:59:00,email,Fee does not match our agreement,Our finance team has reviewed the statement and the fee charged looks higher than the rate we agreed in the addendum. We understood the new rate applies from April. Please clarify.,closed,PN100072527
TK-100851,MER-0020,2026-03-11 15:35:00,email,Customer double charged,"Customer was charged twice for the same order. Please reverse one of them. Ref PN100166194, amount 94.02. She has been calling since yesterday.",resolved,PN100166194
TK-100852,MER-0033,2026-03-26 17:06:00,whatsapp,Refund request for PN100008265,"Customer was charged twice for the same order. Please reverse one of them. Ref PN100008265, amount 9.32. She has been calling since yesterday.",open,PN100008265
TK-100853,MER-0052,2026-03-17 12:40:00,whatsapp,Funds still not in our account,Good morning team. We reconciled our till this morning and the payout for 17 Mar 2026 has still not hit our FCA account. Our records show 88.55 collected. Please advise when we should expect it.,open,PN100141429
TK-100854,MER-0024,2026-03-13 17:28:00,email,Payment declined repeatedly,Customer says payment went through on their phone but our dashboard shows failed. PN100179987. They are in the shop now and refusing to pay again.,closed,PN100179987
TK-100855,MER-0011,2026-03-15 18:19:00,email,Payment declined repeatedly,We are seeing a lot of declines this afternoon on mobile money. Ref PN100045116 is one example. Is there a problem on the rail side or is it us?,closed,PN100045116
TK-100856,MER-0056,2026-03-14 11:25:00,whatsapp,Fee does not match our agreement,Our finance team has reviewed the statement and the fee charged looks higher than the rate we agreed in the addendum. We understood the new rate applies from April. Please clarify.,resolved,PN100158545
TK-100857,MER-0022,2026-03-25 12:48:00,email,Request for fee breakdown,Our finance team has reviewed the statement and the fee charged looks higher than the rate we agreed in the addendum. We understood the new rate applies from April. Please clarify.,pending_merchant,PN100019852
TK-100858,MER-0043,2026-03-07 14:53:00,whatsapp,Please reverse duplicate charge,"Customer was charged twice for the same order. Please reverse one of them. Ref not recorded, amount n/a. She has been calling since yesterday.",pending_merchant,
TK-100859,MER-0038,2026-04-12 11:24:00,whatsapp,Customer payment failed but was debited,"A customer tried to pay 4.26 and got an error on the checkout page, but they are telling me their wallet was debited. Transaction ref is PN100110255. Please reverse or confirm.",resolved,PN100110255
TK-100860,MER-0047,2026-04-21 12:53:00,phone,Possible fraudulent payments overnight,"We had a series of small payments overnight from what looks like the same payer, all just under our review threshold. One ref is not recorded. Can you block that payer and advise on next steps?",resolved,
TK-100861,MER-0021,2026-03-25 06:05:00,portal,Settlement not received for 25 Mar,"We have not received settlement for 25 Mar 2026. This is the second time this month. Can someone check the batch on your side and come back to me today, we have suppliers waiting.",closed,
TK-100862,MER-0057,2026-03-20 12:07:00,phone,Customer payment failed but was debited,"A customer tried to pay 13.42 and got an error on the checkout page, but they are telling me their wallet was debited. Transaction ref is PN100017013. Please reverse or confirm.",closed,PN100017013
TK-100863,MER-0043,2026-04-24 07:01:00,portal,Transaction n/a failed on checkout,"A customer tried to pay n/a and got an error on the checkout page, but they are telling me their wallet was debited. Transaction ref is not recorded. Please reverse or confirm.",resolved,
TK-100864,MER-0008,2026-03-12 17:11:00,email,API returning 401 after key rotation,"Our callback endpoint is not receiving anything for successful payments, though the dashboard shows them as successful. We are on the v2 integration. Logs attached in the portal.
Sent from my mobile device",open,PN100126928
TK-100865,MER-0026,2026-04-13 09:49:00,email,Request for statement,"Kindly send the statement for last month in Excel rather than PDF.
Sent from my mobile device",closed,PN100159171
TK-100866,MER-0057,2026-03-23 08:22:00,email,Add a user to our portal,Please add our new finance officer to the merchant portal with view only access.,open,PN100096923
TK-100867,MER-0060,2026-03-13 14:42:00,email,Funds still not in our account,Good morning team. We reconciled our till this morning and the payout for 13 Mar 2026 has still not hit our FCA account. Our records show n/a collected. Please advise when we should expect it.,closed,
TK-100868,MER-0061,2026-04-18 14:52:00,phone,Payment declined repeatedly,"A customer tried to pay n/a and got an error on the checkout page, but they are telling me their wallet was debited. Transaction ref is not recorded. Please reverse or confirm.",resolved,
TK-100869,MER-0057,2026-04-08 11:37:00,portal,Refund request for PN100177878,"We need to refund 4.58 on PN100177878, the goods were returned. What is the process and how long does it take to reflect?
Sent from my mobile device",closed,PN100177878
TK-100870,MER-0015,2026-03-24 13:38:00,email,Possible fraudulent payments overnight,"We had a series of small payments overnight from what looks like the same payer, all just under our review threshold. One ref is not recorded. Can you block that payer and advise on next steps?",resolved,
TK-100871,MER-0019,2026-03-05 19:49:00,whatsapp,Customer payment failed but was debited,Customer says payment went through on their phone but our dashboard shows failed. PN100044108. They are in the shop now and refusing to pay again.,open,PN100044108
TK-100872,MER-0028,2026-03-31 13:15:00,email,Customer payment failed but was debited,We are seeing a lot of declines this afternoon on mobile money. Ref PN100027287 is one example. Is there a problem on the rail side or is it us?,open,PN100027287
TK-100873,MER-0023,2026-03-26 10:33:00,email,API returning 401 after key rotation,"We rotated our API key yesterday and now every request returns {""error"":""unauthorised""}. Nothing else changed on our side. Can you check whether the old key is still active?",closed,PN100050823
TK-100874,MER-0057,2026-03-26 11:30:00,whatsapp,Customer payment failed but was debited,We are seeing a lot of declines this afternoon on mobile money. Ref PN100155664 is one example. Is there a problem on the rail side or is it us?,pending_merchant,PN100155664
TK-100875,MER-0030,2026-04-30 09:38:00,whatsapp,Callback not firing on our staging environment,"Question on statuses: if a payment sits at pending, how long before we can treat it as failed? Our checkout currently waits 30 seconds then gives up.",open,PN100114149
TK-100876,MER-0059,2026-03-05 06:23:00,email,Change of bank account details,We are changing our settlement bank. What documents do you need from us?,open,PN100021823
TK-100877,MER-0061,2026-03-15 17:40:00,email,Transaction PN100129092 failed on checkout,We are seeing a lot of declines this afternoon on mobile money. Ref PN100129092 is one example. Is there a problem on the rail side or is it us?,open,PN100129092
TK-100878,MER-0059,2026-04-28 18:34:00,whatsapp,How do we handle the pending status?,"Question on statuses: if a payment sits at pending, how long before we can treat it as failed? Our checkout currently waits 30 seconds then gives up.",resolved,
TK-100879,MER-0033,2026-04-13 14:34:00,portal,Suspicious transaction pattern,"We had a series of small payments overnight from what looks like the same payer, all just under our review threshold. One ref is PN100170436. Can you block that payer and advise on next steps?",resolved,PN100170436
TK-100880,MER-0013,2026-03-05 16:10:00,email,Query on fees charged this month,Can you send a breakdown of fees for the period? We need it for our audit and the summary figure alone is not enough.,open,PN100127654
TK-100881,MER-0056,2026-04-27 10:08:00,email,Funds still not in our account,"We have not received settlement for 27 Apr 2026. This is the second time this month. Can someone check the batch on your side and come back to me today, we have suppliers waiting.",closed,PN100170125
TK-100882,MER-0045,2026-03-14 10:06:00,email,Payment declined repeatedly,Customer says payment went through on their phone but our dashboard shows failed. not recorded. They are in the shop now and refusing to pay again.,resolved,
TK-100883,MER-0018,2026-03-27 09:18:00,email,Settlement not received for 27 Mar,Good morning team. We reconciled our till this morning and the payout for 27 Mar 2026 has still not hit our FCA account. Our records show 14.03 collected. Please advise when we should expect it.,open,PN100072874
TK-100884,MER-0044,2026-03-08 12:06:00,whatsapp,Please reverse duplicate charge,"We need to refund 186.35 on PN100146948, the goods were returned. What is the process and how long does it take to reflect?",resolved,PN100146948
TK-100885,MER-0056,2026-04-25 06:26:00,whatsapp,Settlement not received for 25 Apr,Good morning team. We reconciled our till this morning and the payout for 25 Apr 2026 has still not hit our FCA account. Our records show n/a collected. Please advise when we should expect it.,open,
TK-100886,MER-0046,2026-04-09 06:23:00,phone,Customer double charged,"We need to refund 78.72 on PN100053564, the goods were returned. What is the process and how long does it take to reflect?",closed,PN100053564
TK-100887,MER-0010,2026-03-25 17:04:00,email,Funds still not in our account,Good morning team. We reconciled our till this morning and the payout for 25 Mar 2026 has still not hit our FCA account. Our records show 264.48 collected. Please advise when we should expect it.,closed,PN100105178
TK-100888,MER-0037,2026-04-28 12:39:00,email,Transaction PN100006465 failed on checkout,Customer says payment went through on their phone but our dashboard shows failed. PN100006465. They are in the shop now and refusing to pay again.,resolved,PN100006465
TK-100889,MER-0038,2026-04-15 07:43:00,email,Request for statement,Kindly send the statement for last month in Excel rather than PDF.,resolved,
TK-100890,MER-0019,2026-03-19 16:39:00,email,Payment declined repeatedly,We are seeing a lot of declines this afternoon on mobile money. Ref PN100021964 is one example. Is there a problem on the rail side or is it us?,pending_merchant,PN100021964
TK-100891,MER-0022,2026-04-20 11:28:00,email,Add a user to our portal,Please add our new finance officer to the merchant portal with view only access.,closed,PN100048396
TK-100892,MER-0045,2026-03-01 06:58:00,whatsapp,How do we handle the pending status?,"Question on statuses: if a payment sits at pending, how long before we can treat it as failed? Our checkout currently waits 30 seconds then gives up.",closed,PN100007718
TK-100893,MER-0011,2026-04-05 19:14:00,whatsapp,Fee does not match our agreement,Can you send a breakdown of fees for the period? We need it for our audit and the summary figure alone is not enough.,closed,PN100112059
TK-100894,MER-0024,2026-04-27 17:20:00,email,Request for fee breakdown,Can you send a breakdown of fees for the period? We need it for our audit and the summary figure alone is not enough.,closed,PN100134108
TK-100895,MER-0008,2026-03-30 13:21:00,whatsapp,Query on fees charged this month,Our finance team has reviewed the statement and the fee charged looks higher than the rate we agreed in the addendum. We understood the new rate applies from April. Please clarify.,resolved,PN100164055
TK-100896,MER-0062,2026-03-19 19:16:00,whatsapp,API returning 401 after key rotation,"Our callback endpoint is not receiving anything for successful payments, though the dashboard shows them as successful. We are on the v2 integration. Logs attached in the portal.",closed,PN100080036
TK-100897,MER-0048,2026-03-25 14:06:00,email,Customer payment failed but was debited,We are seeing a lot of declines this afternoon on mobile money. Ref PN100005439 is one example. Is there a problem on the rail side or is it us?,closed,PN100005439
TK-100898,MER-0046,2026-03-26 06:12:00,whatsapp,Request for fee breakdown,Can you send a breakdown of fees for the period? We need it for our audit and the summary figure alone is not enough.,closed,PN100112260
TK-100899,MER-0028,2026-04-15 18:34:00,whatsapp,Request for fee breakdown,Can you send a breakdown of fees for the period? We need it for our audit and the summary figure alone is not enough.,closed,PN100019314
TK-100900,MER-0030,2026-03-21 10:01:00,email,Funds still not in our account,"We have not received settlement for 21 Mar 2026. This is the second time this month. Can someone check the batch on your side and come back to me today, we have suppliers waiting.",pending_merchant,PN100138699
TK-100901,MER-0019,2026-03-12 06:16:00,phone,Where is our payout for 12 Mar?,"Hie, kindly confirm status of our settlement. Amount expected is around 15.28. Ref PN100102091.",open,PN100102091
TK-100902,MER-0024,2026-03-31 09:39:00,whatsapp,Where is our payout for 31 Mar?,Good morning team. We reconciled our till this morning and the payout for 31 Mar 2026 has still not hit our FCA account. Our records show n/a collected. Please advise when we should expect it.,resolved,
TK-100903,MER-0048,2026-03-24 09:47:00,portal,Transaction PN100070834 failed on checkout,"A customer tried to pay 15.39 and got an error on the checkout page, but they are telling me their wallet was debited. Transaction ref is PN100070834. Please reverse or confirm.",resolved,PN100070834
TK-100904,MER-0047,2026-03-18 07:22:00,email,Possible fraudulent payments overnight,"We had a series of small payments overnight from what looks like the same payer, all just under our review threshold. One ref is PN100035477. Can you block that payer and advise on next steps?",open,PN100035477
TK-100905,MER-0042,2026-03-05 17:06:00,email,Possible fraudulent payments overnight,"We had a series of small payments overnight from what looks like the same payer, all just under our review threshold. One ref is not recorded. Can you block that payer and advise on next steps?",closed,
TK-100906,MER-0058,2026-04-29 11:17:00,whatsapp,Suspicious transaction pattern,"We had a series of small payments overnight from what looks like the same payer, all just under our review threshold. One ref is not recorded. Can you block that payer and advise on next steps?",open,
TK-100907,MER-0054,2026-04-21 18:40:00,portal,Refund request for n/a,"Customer was charged twice for the same order. Please reverse one of them. Ref not recorded, amount n/a. She has been calling since yesterday.",resolved,
TK-100908,MER-0046,2026-03-17 10:41:00,whatsapp,Payment declined repeatedly,Customer says payment went through on their phone but our dashboard shows failed. not recorded. They are in the shop now and refusing to pay again.,open,
TK-100909,MER-0032,2026-04-25 09:13:00,email,Query on fees charged this month,Can you send a breakdown of fees for the period? We need it for our audit and the summary figure alone is not enough.,closed,
TK-100910,MER-0033,2026-03-14 15:06:00,whatsapp,Funds still not in our account,"Hie, kindly confirm status of our settlement. Amount expected is around n/a. Ref not recorded.",closed,
TK-100911,MER-0033,2026-03-08 11:38:00,whatsapp,Customer payment failed but was debited,Customer says payment went through on their phone but our dashboard shows failed. PN100104876. They are in the shop now and refusing to pay again.,open,PN100104876
TK-100912,MER-0042,2026-04-16 17:35:00,email,Customer double charged,"Customer was charged twice for the same order. Please reverse one of them. Ref not recorded, amount n/a. She has been calling since yesterday.",resolved,
TK-100913,MER-0030,2026-04-27 07:39:00,email,Query on fees charged this month,Our finance team has reviewed the statement and the fee charged looks higher than the rate we agreed in the addendum. We understood the new rate applies from April. Please clarify.,open,PN100035822
TK-100914,MER-0047,2026-04-07 11:34:00,email,Possible fraudulent payments overnight,"We had a series of small payments overnight from what looks like the same payer, all just under our review threshold. One ref is PN100096658. Can you block that payer and advise on next steps?",resolved,PN100096658
TK-100915,MER-0042,2026-04-23 16:00:00,email,How do we handle the pending status?,"We rotated our API key yesterday and now every request returns {""error"":""unauthorised""}. Nothing else changed on our side. Can you check whether the old key is still active?",closed,
TK-100916,MER-0059,2026-04-30 12:27:00,whatsapp,How do we handle the pending status?,"We rotated our API key yesterday and now every request returns {""error"":""unauthorised""}. Nothing else changed on our side. Can you check whether the old key is still active?",closed,
TK-100917,MER-0024,2026-04-08 10:30:00,portal,Refund request for PN100147784,"Customer was charged twice for the same order. Please reverse one of them. Ref PN100147784, amount 10.21. She has been calling since yesterday.",open,PN100147784
TK-100918,MER-0014,2026-04-10 16:55:00,phone,Settlement not received for 10 Apr,"We have not received settlement for 10 Apr 2026. This is the second time this month. Can someone check the batch on your side and come back to me today, we have suppliers waiting.",open,
TK-100919,MER-0027,2026-03-06 09:42:00,email,Refund request for n/a,"Customer was charged twice for the same order. Please reverse one of them. Ref not recorded, amount n/a. She has been calling since yesterday.",resolved,
TK-100920,MER-0056,2026-04-26 13:31:00,email,Request for fee breakdown,Can you send a breakdown of fees for the period? We need it for our audit and the summary figure alone is not enough.,closed,PN100019930
TK-100921,MER-0031,2026-04-04 14:15:00,whatsapp,Please reverse duplicate charge,"Customer was charged twice for the same order. Please reverse one of them. Ref PN100023975, amount 36.03. She has been calling since yesterday.
Sent from my mobile device",closed,PN100023975
TK-100922,MER-0035,2026-04-15 07:56:00,email,Where is our payout for 15 Apr?,"We have not received settlement for 15 Apr 2026. This is the second time this month. Can someone check the batch on your side and come back to me today, we have suppliers waiting.",closed,
TK-100923,MER-0055,2026-04-04 14:20:00,email,Funds still not in our account,Good morning team. We reconciled our till this morning and the payout for 04 Apr 2026 has still not hit our FCA account. Our records show 17.67 collected. Please advise when we should expect it.,resolved,PN100151961
TK-100924,MER-0050,2026-03-12 19:43:00,email,Callback not firing on our staging environment,"We rotated our API key yesterday and now every request returns {""error"":""unauthorised""}. Nothing else changed on our side. Can you check whether the old key is still active?",open,PN100029721
TK-100925,MER-0056,2026-04-08 10:07:00,email,Funds still not in our account,"Hie, kindly confirm status of our settlement. Amount expected is around n/a. Ref not recorded.",resolved,
TK-100926,MER-0049,2026-04-05 09:27:00,portal,Suspicious transaction pattern,"We had a series of small payments overnight from what looks like the same payer, all just under our review threshold. One ref is PN100139294. Can you block that payer and advise on next steps?",closed,PN100139294
TK-100927,MER-0047,2026-03-02 09:20:00,email,Where is our payout for 02 Mar?,"We have not received settlement for 02 Mar 2026. This is the second time this month. Can someone check the batch on your side and come back to me today, we have suppliers waiting.",open,PN100005474
TK-100928,MER-0054,2026-04-06 13:27:00,whatsapp,Callback not firing on our staging environment,"Our callback endpoint is not receiving anything for successful payments, though the dashboard shows them as successful. We are on the v2 integration. Logs attached in the portal.",open,PN100031727
TK-100929,MER-0025,2026-03-13 17:54:00,email,Callback not firing on our staging environment,"Our callback endpoint is not receiving anything for successful payments, though the dashboard shows them as successful. We are on the v2 integration. Logs attached in the portal.",closed,PN100171250
TK-100930,MER-0060,2026-03-06 19:18:00,portal,Add a user to our portal,Please add our new finance officer to the merchant portal with view only access.,resolved,
TK-100931,MER-0011,2026-04-27 09:44:00,whatsapp,Customer payment failed but was debited,Customer says payment went through on their phone but our dashboard shows failed. PN100015133. They are in the shop now and refusing to pay again.,closed,PN100015133
TK-100932,MER-0058,2026-04-27 15:38:00,whatsapp,Query on fees charged this month,Our finance team has reviewed the statement and the fee charged looks higher than the rate we agreed in the addendum. We understood the new rate applies from April. Please clarify.,resolved,PN100119387
TK-100933,MER-0061,2026-04-24 07:25:00,portal,Refund request for PN100147416,"We need to refund 2.97 on PN100147416, the goods were returned. What is the process and how long does it take to reflect?",resolved,PN100147416
TK-100934,MER-0046,2026-03-23 15:34:00,whatsapp,Payment declined repeatedly,Customer says payment went through on their phone but our dashboard shows failed. PN100122580. They are in the shop now and refusing to pay again.,resolved,PN100122580
TK-100935,MER-0020,2026-04-22 12:31:00,email,Transaction PN100119414 failed on checkout,We are seeing a lot of declines this afternoon on mobile money. Ref PN100119414 is one example. Is there a problem on the rail side or is it us?,resolved,PN100119414
TK-100936,MER-0031,2026-04-13 07:07:00,email,Settlement not received for 13 Apr,"Hie, kindly confirm status of our settlement. Amount expected is around 107.44. Ref PN100079163.",pending_merchant,PN100079163
TK-100937,MER-0030,2026-04-12 13:13:00,whatsapp,Refund request for n/a,"Customer was charged twice for the same order. Please reverse one of them. Ref not recorded, amount n/a. She has been calling since yesterday.",open,
TK-100938,MER-0062,2026-04-29 17:26:00,email,Please reverse duplicate charge,"We need to refund 10.48 on PN100102539, the goods were returned. What is the process and how long does it take to reflect?",closed,PN100102539
TK-100939,MER-0043,2026-04-05 18:41:00,email,How do we handle the pending status?,"Question on statuses: if a payment sits at pending, how long before we can treat it as failed? Our checkout currently waits 30 seconds then gives up.",closed,
TK-100940,MER-0009,2026-04-25 14:01:00,whatsapp,Suspicious transaction pattern,"We had a series of small payments overnight from what looks like the same payer, all just under our review threshold. One ref is not recorded. Can you block that payer and advise on next steps?
Sent from my mobile device",resolved,
TK-100941,MER-0012,2026-03-13 12:55:00,whatsapp,Please reverse duplicate charge,"We need to refund 1.55 on PN100125539, the goods were returned. What is the process and how long does it take to reflect?",pending_merchant,PN100125539
TK-100942,MER-0058,2026-03-03 18:59:00,phone,Fee does not match our agreement,Can you send a breakdown of fees for the period? We need it for our audit and the summary figure alone is not enough.,pending_merchant,PN100080864
TK-100943,MER-0006,2026-04-19 08:33:00,whatsapp,Request for statement,Please add our new finance officer to the merchant portal with view only access.,closed,PN100001830
TK-100944,MER-0009,2026-04-14 11:31:00,email,Funds still not in our account,"We have not received settlement for 14 Apr 2026. This is the second time this month. Can someone check the batch on your side and come back to me today, we have suppliers waiting.",closed,PN100134512
TK-100945,MER-0059,2026-03-02 18:30:00,phone,Possible fraudulent payments overnight,"We had a series of small payments overnight from what looks like the same payer, all just under our review threshold. One ref is PN100160987. Can you block that payer and advise on next steps?",closed,PN100160987
TK-100946,MER-0050,2026-03-31 18:26:00,email,Settlement not received for 31 Mar,Good morning team. We reconciled our till this morning and the payout for 31 Mar 2026 has still not hit our FCA account. Our records show 1.57 collected. Please advise when we should expect it.,closed,PN100064741
TK-100947,MER-0048,2026-04-30 16:35:00,email,Query on fees charged this month,Our finance team has reviewed the statement and the fee charged looks higher than the rate we agreed in the addendum. We understood the new rate applies from April. Please clarify.,open,PN100022524
TK-100948,MER-0029,2026-03-12 12:06:00,email,Request for fee breakdown,Our finance team has reviewed the statement and the fee charged looks higher than the rate we agreed in the addendum. We understood the new rate applies from April. Please clarify.,resolved,PN100034727
TK-100949,MER-0019,2026-04-19 08:00:00,email,Request for fee breakdown,"Can you send a breakdown of fees for the period? We need it for our audit and the summary figure alone is not enough.
Sent from my mobile device",resolved,PN100046930
TK-100950,MER-0021,2026-04-30 19:19:00,email,How do we handle the pending status?,"We rotated our API key yesterday and now every request returns {""error"":""unauthorised""}. Nothing else changed on our side. Can you check whether the old key is still active?",open,PN100022716
TK-100951,MER-0061,2026-03-21 13:38:00,email,Request for statement,We are changing our settlement bank. What documents do you need from us?,open,
TK-100952,MER-0058,2026-04-09 07:30:00,email,Customer payment failed but was debited,Customer says payment went through on their phone but our dashboard shows failed. not recorded. They are in the shop now and refusing to pay again.,closed,
TK-100953,MER-0009,2026-03-05 17:12:00,email,Transaction PN100089861 failed on checkout,We are seeing a lot of declines this afternoon on mobile money. Ref PN100089861 is one example. Is there a problem on the rail side or is it us?,resolved,PN100089861
TK-100954,MER-0032,2026-03-04 16:08:00,email,Add a user to our portal,Please add our new finance officer to the merchant portal with view only access.,closed,PN100153860
TK-100955,MER-0039,2026-03-31 12:46:00,email,Please reverse duplicate charge,"We need to refund 20.33 on PN100084228, the goods were returned. What is the process and how long does it take to reflect?",pending_merchant,PN100084228
TK-100956,MER-0053,2026-03-10 14:54:00,email,Transaction PN100153057 failed on checkout,"A customer tried to pay 121.30 and got an error on the checkout page, but they are telling me their wallet was debited. Transaction ref is PN100153057. Please reverse or confirm.",resolved,PN100153057
TK-100957,MER-0053,2026-04-11 13:55:00,portal,Customer payment failed but was debited,"A customer tried to pay n/a and got an error on the checkout page, but they are telling me their wallet was debited. Transaction ref is not recorded. Please reverse or confirm.",closed,
TK-100958,MER-0013,2026-04-12 09:57:00,email,Funds still not in our account,Good morning team. We reconciled our till this morning and the payout for 12 Apr 2026 has still not hit our FCA account. Our records show 4.64 collected. Please advise when we should expect it.,closed,PN100004090
TK-100959,MER-0030,2026-04-13 19:10:00,portal,Query on fees charged this month,Our finance team has reviewed the statement and the fee charged looks higher than the rate we agreed in the addendum. We understood the new rate applies from April. Please clarify.,closed,
TK-100960,MER-0056,2026-03-05 15:34:00,email,How do we handle the pending status?,"Our callback endpoint is not receiving anything for successful payments, though the dashboard shows them as successful. We are on the v2 integration. Logs attached in the portal.",closed,
TK-100961,MER-0001,2026-04-22 10:04:00,phone,Fee does not match our agreement,Can you send a breakdown of fees for the period? We need it for our audit and the summary figure alone is not enough.,open,PN100051047
TK-100962,MER-0052,2026-04-19 06:23:00,email,Callback not firing on our staging environment,"Question on statuses: if a payment sits at pending, how long before we can treat it as failed? Our checkout currently waits 30 seconds then gives up.",open,
TK-100963,MER-0015,2026-03-15 13:31:00,phone,Add a user to our portal,We are changing our settlement bank. What documents do you need from us?,resolved,
TK-100964,MER-0012,2026-03-18 17:12:00,email,Suspicious transaction pattern,"We had a series of small payments overnight from what looks like the same payer, all just under our review threshold. One ref is PN100136375. Can you block that payer and advise on next steps?",closed,PN100136375
TK-100965,MER-0059,2026-03-28 06:05:00,email,API returning 401 after key rotation,"Question on statuses: if a payment sits at pending, how long before we can treat it as failed? Our checkout currently waits 30 seconds then gives up.",closed,PN100058476
TK-100966,MER-0004,2026-04-17 16:19:00,email,Callback not firing on our staging environment,"We rotated our API key yesterday and now every request returns {""error"":""unauthorised""}. Nothing else changed on our side. Can you check whether the old key is still active?",resolved,PN100145254
TK-100967,MER-0040,2026-03-10 16:35:00,email,Request for statement,Please add our new finance officer to the merchant portal with view only access.,pending_merchant,PN100150853
TK-100968,MER-0019,2026-04-29 13:02:00,email,Possible fraudulent payments overnight,"We had a series of small payments overnight from what looks like the same payer, all just under our review threshold. One ref is PN100020851. Can you block that payer and advise on next steps?",pending_merchant,PN100020851
TK-100969,MER-0013,2026-03-10 13:24:00,email,Where is our payout for 10 Mar?,"We have not received settlement for 10 Mar 2026. This is the second time this month. Can someone check the batch on your side and come back to me today, we have suppliers waiting.",open,PN100039101
TK-100970,MER-0062,2026-03-16 06:30:00,email,Transaction n/a failed on checkout,"A customer tried to pay n/a and got an error on the checkout page, but they are telling me their wallet was debited. Transaction ref is not recorded. Please reverse or confirm.",pending_merchant,
TK-100971,MER-0018,2026-03-20 11:21:00,phone,Payment declined repeatedly,Customer says payment went through on their phone but our dashboard shows failed. PN100003718. They are in the shop now and refusing to pay again.,resolved,PN100003718
TK-100972,MER-0011,2026-03-24 10:54:00,portal,Transaction n/a failed on checkout,"A customer tried to pay n/a and got an error on the checkout page, but they are telling me their wallet was debited. Transaction ref is not recorded. Please reverse or confirm.",pending_merchant,
TK-100973,MER-0044,2026-04-27 14:12:00,email,Customer payment failed but was debited,We are seeing a lot of declines this afternoon on mobile money. Ref not recorded is one example. Is there a problem on the rail side or is it us?,open,
TK-100974,MER-0051,2026-03-05 18:13:00,phone,Add a user to our portal,Please add our new finance officer to the merchant portal with view only access.,pending_merchant,PN100094954
TK-100975,MER-0038,2026-04-05 07:28:00,email,Where is our payout for 05 Apr?,"Hie, kindly confirm status of our settlement. Amount expected is around 1.87. Ref PN100164706.",closed,PN100164706
TK-100976,MER-0037,2026-03-06 14:20:00,email,Payment declined repeatedly,We are seeing a lot of declines this afternoon on mobile money. Ref PN100135392 is one example. Is there a problem on the rail side or is it us?,open,PN100135392
TK-100977,MER-0035,2026-03-15 09:17:00,portal,Where is our payout for 15 Mar?,"Hie, kindly confirm status of our settlement. Amount expected is around 3.11. Ref PN100143520.",resolved,PN100143520
TK-100978,MER-0053,2026-04-07 07:28:00,email,Where is our payout for 07 Apr?,"Hie, kindly confirm status of our settlement. Amount expected is around 3,253.47. Ref PN100088352.",closed,PN100088352
TK-100979,MER-0029,2026-03-11 12:18:00,whatsapp,Payment declined repeatedly,Customer says payment went through on their phone but our dashboard shows failed. PN100078505. They are in the shop now and refusing to pay again.,pending_merchant,PN100078505
TK-100980,MER-0008,2026-04-03 15:16:00,email,How do we handle the pending status?,"We rotated our API key yesterday and now every request returns {""error"":""unauthorised""}. Nothing else changed on our side. Can you check whether the old key is still active?",closed,PN100163831
TK-100981,MER-0013,2026-04-23 08:52:00,email,Customer double charged,"We need to refund 15.38 on PN100144358, the goods were returned. What is the process and how long does it take to reflect?",resolved,PN100144358
TK-100982,MER-0021,2026-03-28 13:29:00,phone,Transaction n/a failed on checkout,"Customer says payment went through on their phone but our dashboard shows failed. not recorded. They are in the shop now and refusing to pay again.
Sent from my mobile device",resolved,
TK-100983,MER-0015,2026-04-19 10:20:00,email,Possible fraudulent payments overnight,"We had a series of small payments overnight from what looks like the same payer, all just under our review threshold. One ref is PN100063979. Can you block that payer and advise on next steps?",closed,PN100063979
TK-100984,MER-0043,2026-03-12 16:38:00,email,Callback not firing on our staging environment,"Our callback endpoint is not receiving anything for successful payments, though the dashboard shows them as successful. We are on the v2 integration. Logs attached in the portal.",closed,PN100057438
TK-100985,MER-0058,2026-04-16 12:19:00,email,Customer payment failed but was debited,Customer says payment went through on their phone but our dashboard shows failed. PN100148167. They are in the shop now and refusing to pay again.,closed,PN100148167
TK-100986,MER-0014,2026-04-11 14:22:00,whatsapp,Refund request for n/a,"Customer was charged twice for the same order. Please reverse one of them. Ref not recorded, amount n/a. She has been calling since yesterday.",open,
TK-100987,MER-0003,2026-03-18 09:45:00,email,Where is our payout for 18 Mar?,"We have not received settlement for 18 Mar 2026. This is the second time this month. Can someone check the batch on your side and come back to me today, we have suppliers waiting.",resolved,PN100050981
TK-100988,MER-0058,2026-03-23 11:26:00,phone,Where is our payout for 23 Mar?,"We have not received settlement for 23 Mar 2026. This is the second time this month. Can someone check the batch on your side and come back to me today, we have suppliers waiting.",closed,PN100134975
TK-100989,MER-0010,2026-03-29 14:39:00,portal,Query on fees charged this month,Our finance team has reviewed the statement and the fee charged looks higher than the rate we agreed in the addendum. We understood the new rate applies from April. Please clarify.,closed,PN100122773
TK-100990,MER-0057,2026-03-08 13:44:00,email,Possible fraudulent payments overnight,"We had a series of small payments overnight from what looks like the same payer, all just under our review threshold. One ref is PN100037244. Can you block that payer and advise on next steps?",resolved,PN100037244
TK-100991,MER-0018,2026-03-01 10:39:00,portal,Transaction PN100007481 failed on checkout,Customer says payment went through on their phone but our dashboard shows failed. PN100007481. They are in the shop now and refusing to pay again.,resolved,PN100007481
TK-100992,MER-0046,2026-04-14 15:59:00,email,Transaction n/a failed on checkout,"A customer tried to pay n/a and got an error on the checkout page, but they are telling me their wallet was debited. Transaction ref is not recorded. Please reverse or confirm.",closed,
TK-100993,MER-0041,2026-03-16 18:06:00,email,Funds still not in our account,Good morning team. We reconciled our till this morning and the payout for 16 Mar 2026 has still not hit our FCA account. Our records show 10.05 collected. Please advise when we should expect it.,closed,PN100143547
TK-100994,MER-0049,2026-04-10 09:40:00,whatsapp,How do we handle the pending status?,"Our callback endpoint is not receiving anything for successful payments, though the dashboard shows them as successful. We are on the v2 integration. Logs attached in the portal.",closed,PN100020013
TK-100995,MER-0054,2026-04-18 09:39:00,portal,Suspicious transaction pattern,"We had a series of small payments overnight from what looks like the same payer, all just under our review threshold. One ref is not recorded. Can you block that payer and advise on next steps?",open,
TK-100996,MER-0049,2026-03-23 13:21:00,email,Callback not firing on our staging environment,"Question on statuses: if a payment sits at pending, how long before we can treat it as failed? Our checkout currently waits 30 seconds then gives up.",pending_merchant,
TK-100997,MER-0061,2026-04-29 14:32:00,email,Where is our payout for 29 Apr?,"We have not received settlement for 29 Apr 2026. This is the second time this month. Can someone check the batch on your side and come back to me today, we have suppliers waiting.",resolved,PN100076029
TK-100998,MER-0022,2026-03-14 16:03:00,phone,Possible fraudulent payments overnight,"We had a series of small payments overnight from what looks like the same payer, all just under our review threshold. One ref is not recorded. Can you block that payer and advise on next steps?",pending_merchant,
TK-100999,MER-0049,2026-04-29 18:35:00,portal,Customer double charged,"Customer was charged twice for the same order. Please reverse one of them. Ref PN100057565, amount 4.10. She has been calling since yesterday.",closed,PN100057565
TK-101000,MER-0010,2026-04-30 09:37:00,email,API returning 401 after key rotation,"Question on statuses: if a payment sits at pending, how long before we can treat it as failed? Our checkout currently waits 30 seconds then gives up.",resolved,
TK-101001,MER-0030,2026-04-17 09:07:00,portal,Where is our payout for 17 Apr?,"We have not received settlement for 17 Apr 2026. This is the second time this month. Can someone check the batch on your side and come back to me today, we have suppliers waiting.",pending_merchant,PN100171336
TK-101002,MER-0028,2026-04-02 17:07:00,email,Transaction PN100108405 failed on checkout,"A customer tried to pay 100.94 and got an error on the checkout page, but they are telling me their wallet was debited. Transaction ref is PN100108405. Please reverse or confirm.",resolved,PN100108405
TK-101003,MER-0030,2026-03-01 07:34:00,whatsapp,Transaction n/a failed on checkout,"A customer tried to pay n/a and got an error on the checkout page, but they are telling me their wallet was debited. Transaction ref is not recorded. Please reverse or confirm.
Sent from my mobile device",closed,
TK-101004,MER-0005,2026-04-27 18:59:00,email,How do we handle the pending status?,"Question on statuses: if a payment sits at pending, how long before we can treat it as failed? Our checkout currently waits 30 seconds then gives up.",closed,PN100128113
TK-101005,MER-0044,2026-04-10 08:39:00,portal,Transaction PN100078318 failed on checkout,We are seeing a lot of declines this afternoon on mobile money. Ref PN100078318 is one example. Is there a problem on the rail side or is it us?,closed,PN100078318
TK-101006,MER-0040,2026-04-10 11:57:00,phone,Request for statement,Please add our new finance officer to the merchant portal with view only access.,closed,PN100142050
TK-101007,MER-0003,2026-03-25 19:12:00,email,Fee does not match our agreement,Our finance team has reviewed the statement and the fee charged looks higher than the rate we agreed in the addendum. We understood the new rate applies from April. Please clarify.,pending_merchant,PN100008009
TK-101008,MER-0025,2026-04-23 19:36:00,email,Settlement not received for 23 Apr,"We have not received settlement for 23 Apr 2026. This is the second time this month. Can someone check the batch on your side and come back to me today, we have suppliers waiting.",closed,PN100112027
TK-101009,MER-0030,2026-04-01 12:47:00,phone,Transaction PN100114829 failed on checkout,We are seeing a lot of declines this afternoon on mobile money. Ref PN100114829 is one example. Is there a problem on the rail side or is it us?,open,PN100114829
TK-101010,MER-0057,2026-03-21 14:55:00,email,Please reverse duplicate charge,"We need to refund n/a on not recorded, the goods were returned. What is the process and how long does it take to reflect?",resolved,
TK-101011,MER-0009,2026-03-26 11:12:00,email,Transaction PN100088665 failed on checkout,We are seeing a lot of declines this afternoon on mobile money. Ref PN100088665 is one example. Is there a problem on the rail side or is it us?,resolved,PN100088665
TK-101012,MER-0049,2026-03-07 11:28:00,portal,Request for fee breakdown,Can you send a breakdown of fees for the period? We need it for our audit and the summary figure alone is not enough.,pending_merchant,PN100126258
TK-101013,MER-0005,2026-03-24 19:30:00,email,Payment declined repeatedly,We are seeing a lot of declines this afternoon on mobile money. Ref not recorded is one example. Is there a problem on the rail side or is it us?,closed,
TK-101014,MER-0023,2026-04-01 13:33:00,portal,Refund request for PN100079647,"We need to refund 15.52 on PN100079647, the goods were returned. What is the process and how long does it take to reflect?",open,PN100079647
TK-101015,MER-0059,2026-04-25 16:20:00,whatsapp,Payment declined repeatedly,Customer says payment went through on their phone but our dashboard shows failed. PN100149249. They are in the shop now and refusing to pay again.,closed,PN100149249
TK-101016,MER-0025,2026-04-09 15:34:00,portal,Query on fees charged this month,Our finance team has reviewed the statement and the fee charged looks higher than the rate we agreed in the addendum. We understood the new rate applies from April. Please clarify.,pending_merchant,PN100169446
TK-101017,MER-0014,2026-04-16 13:35:00,portal,Customer double charged,"We need to refund n/a on not recorded, the goods were returned. What is the process and how long does it take to reflect?",closed,
TK-101018,MER-0029,2026-04-04 15:06:00,portal,Customer payment failed but was debited,We are seeing a lot of declines this afternoon on mobile money. Ref not recorded is one example. Is there a problem on the rail side or is it us?,resolved,
TK-101019,MER-0031,2026-03-29 10:33:00,email,Customer payment failed but was debited,Customer says payment went through on their phone but our dashboard shows failed. PN100095834. They are in the shop now and refusing to pay again.,open,PN100095834
TK-101020,MER-0026,2026-04-24 17:59:00,whatsapp,Payment declined repeatedly,Customer says payment went through on their phone but our dashboard shows failed. PN100051584. They are in the shop now and refusing to pay again.,closed,PN100051584
TK-101021,MER-0042,2026-03-23 18:15:00,portal,Funds still not in our account,"Hie, kindly confirm status of our settlement. Amount expected is around 5.43. Ref PN100046631.",pending_merchant,PN100046631
TK-101022,MER-0050,2026-04-18 08:39:00,portal,Transaction PN100119061 failed on checkout,We are seeing a lot of declines this afternoon on mobile money. Ref PN100119061 is one example. Is there a problem on the rail side or is it us?,pending_merchant,PN100119061
TK-101023,MER-0009,2026-03-15 17:08:00,portal,Add a user to our portal,Please add our new finance officer to the merchant portal with view only access.,resolved,PN100020472
TK-101024,MER-0010,2026-04-25 07:47:00,portal,Query on fees charged this month,Our finance team has reviewed the statement and the fee charged looks higher than the rate we agreed in the addendum. We understood the new rate applies from April. Please clarify.,pending_merchant,PN100168529
TK-101025,MER-0020,2026-04-02 11:30:00,email,Callback not firing on our staging environment,"Our callback endpoint is not receiving anything for successful payments, though the dashboard shows them as successful. We are on the v2 integration. Logs attached in the portal.",pending_merchant,PN100166457
TK-101026,MER-0015,2026-03-16 17:20:00,whatsapp,Suspicious transaction pattern,"We had a series of small payments overnight from what looks like the same payer, all just under our review threshold. One ref is PN100050540. Can you block that payer and advise on next steps?",closed,PN100050540
TK-101027,MER-0003,2026-03-06 15:37:00,portal,Transaction PN100125682 failed on checkout,"A customer tried to pay 5.62 and got an error on the checkout page, but they are telling me their wallet was debited. Transaction ref is PN100125682. Please reverse or confirm.",resolved,PN100125682
TK-101028,MER-0002,2026-03-18 15:14:00,portal,Add a user to our portal,We are changing our settlement bank. What documents do you need from us?,closed,PN100097328
TK-101029,MER-0061,2026-04-19 13:20:00,email,Funds still not in our account,Good morning team. We reconciled our till this morning and the payout for 19 Apr 2026 has still not hit our FCA account. Our records show 9.21 collected. Please advise when we should expect it.,resolved,PN100099077
TK-101030,MER-0057,2026-03-20 12:07:00,portal,Transaction n/a failed on checkout,We are seeing a lot of declines this afternoon on mobile money. Ref not recorded is one example. Is there a problem on the rail side or is it us?,open,
TK-101031,MER-0003,2026-04-01 17:06:00,phone,Customer double charged,"We need to refund n/a on not recorded, the goods were returned. What is the process and how long does it take to reflect?",resolved,
TK-101032,MER-0026,2026-04-28 10:40:00,portal,Where is our payout for 28 Apr?,Good morning team. We reconciled our till this morning and the payout for 28 Apr 2026 has still not hit our FCA account. Our records show 28.10 collected. Please advise when we should expect it.,closed,PN100151146
TK-101033,MER-0017,2026-04-09 18:39:00,email,Payment declined repeatedly,We are seeing a lot of declines this afternoon on mobile money. Ref PN100026305 is one example. Is there a problem on the rail side or is it us?,resolved,PN100026305
TK-101034,MER-0004,2026-03-10 16:14:00,email,Refund request for PN100099953,"Customer was charged twice for the same order. Please reverse one of them. Ref PN100099953, amount 47.96. She has been calling since yesterday.",resolved,PN100099953
TK-101035,MER-0021,2026-04-09 09:26:00,email,Request for statement,Kindly send the statement for last month in Excel rather than PDF.,open,PN100121496
TK-101036,MER-0062,2026-03-31 10:43:00,whatsapp,How do we handle the pending status?,"We rotated our API key yesterday and now every request returns {""error"":""unauthorised""}. Nothing else changed on our side. Can you check whether the old key is still active?",open,PN100086261
TK-101037,MER-0035,2026-03-25 10:02:00,portal,Funds still not in our account,Good morning team. We reconciled our till this morning and the payout for 25 Mar 2026 has still not hit our FCA account. Our records show 6.65 collected. Please advise when we should expect it.,open,PN100143190
TK-101038,MER-0046,2026-03-16 18:04:00,portal,Customer payment failed but was debited,"A customer tried to pay n/a and got an error on the checkout page, but they are telling me their wallet was debited. Transaction ref is not recorded. Please reverse or confirm.",pending_merchant,
TK-101039,MER-0011,2026-03-17 10:44:00,email,Payment declined repeatedly,We are seeing a lot of declines this afternoon on mobile money. Ref PN100120476 is one example. Is there a problem on the rail side or is it us?,closed,PN100120476
TK-101040,MER-0041,2026-04-13 19:23:00,whatsapp,Callback not firing on our staging environment,"Our callback endpoint is not receiving anything for successful payments, though the dashboard shows them as successful. We are on the v2 integration. Logs attached in the portal.",resolved,PN100023028
TK-101041,MER-0033,2026-03-04 17:55:00,whatsapp,Suspicious transaction pattern,"We had a series of small payments overnight from what looks like the same payer, all just under our review threshold. One ref is PN100062090. Can you block that payer and advise on next steps?",open,PN100062090
TK-101042,MER-0049,2026-03-13 14:06:00,email,Add a user to our portal,Kindly send the statement for last month in Excel rather than PDF.,resolved,
TK-101043,MER-0017,2026-04-17 16:40:00,email,Settlement not received for 17 Apr,Good morning team. We reconciled our till this morning and the payout for 17 Apr 2026 has still not hit our FCA account. Our records show n/a collected. Please advise when we should expect it.,resolved,
TK-101044,MER-0039,2026-04-25 08:24:00,email,Transaction PN100120467 failed on checkout,"A customer tried to pay 65.85 and got an error on the checkout page, but they are telling me their wallet was debited. Transaction ref is PN100120467. Please reverse or confirm.",resolved,PN100120467
TK-101045,MER-0039,2026-03-10 17:15:00,email,Transaction PN100098904 failed on checkout,We are seeing a lot of declines this afternoon on mobile money. Ref PN100098904 is one example. Is there a problem on the rail side or is it us?,closed,PN100098904
TK-101046,MER-0051,2026-03-10 18:48:00,email,Transaction PN100059390 failed on checkout,Customer says payment went through on their phone but our dashboard shows failed. PN100059390. They are in the shop now and refusing to pay again.,closed,PN100059390
TK-101047,MER-0025,2026-03-17 17:47:00,portal,Customer double charged,"We need to refund 49.40 on PN100011995, the goods were returned. What is the process and how long does it take to reflect?",open,PN100011995
TK-101048,MER-0043,2026-03-25 09:26:00,portal,Settlement not received for 25 Mar,Good morning team. We reconciled our till this morning and the payout for 25 Mar 2026 has still not hit our FCA account. Our records show n/a collected. Please advise when we should expect it.,closed,
TK-101049,MER-0049,2026-03-04 15:07:00,email,Add a user to our portal,Please add our new finance officer to the merchant portal with view only access.,closed,PN100095721
TK-101050,MER-0045,2026-04-09 08:23:00,portal,Refund request for n/a,"Customer was charged twice for the same order. Please reverse one of them. Ref not recorded, amount n/a. She has been calling since yesterday.",closed,
TK-101051,MER-0031,2026-03-23 12:50:00,portal,Request for fee breakdown,Our finance team has reviewed the statement and the fee charged looks higher than the rate we agreed in the addendum. We understood the new rate applies from April. Please clarify.,closed,PN100117633
TK-101052,MER-0051,2026-03-14 16:44:00,email,Transaction PN100164828 failed on checkout,We are seeing a lot of declines this afternoon on mobile money. Ref PN100164828 is one example. Is there a problem on the rail side or is it us?,closed,PN100164828
TK-101053,MER-0025,2026-04-01 06:34:00,portal,How do we handle the pending status?,"We rotated our API key yesterday and now every request returns {""error"":""unauthorised""}. Nothing else changed on our side. Can you check whether the old key is still active?",resolved,PN100131723
TK-101054,MER-0009,2026-03-15 09:31:00,portal,Customer double charged,"We need to refund n/a on not recorded, the goods were returned. What is the process and how long does it take to reflect?",closed,
TK-101055,MER-0027,2026-03-28 08:00:00,portal,Transaction PN100114768 failed on checkout,Customer says payment went through on their phone but our dashboard shows failed. PN100114768. They are in the shop now and refusing to pay again.,pending_merchant,PN100114768
TK-101056,MER-0006,2026-03-05 17:54:00,portal,Request for fee breakdown,Can you send a breakdown of fees for the period? We need it for our audit and the summary figure alone is not enough.,resolved,PN100013884
TK-101057,MER-0017,2026-04-02 07:13:00,email,Fee does not match our agreement,Our finance team has reviewed the statement and the fee charged looks higher than the rate we agreed in the addendum. We understood the new rate applies from April. Please clarify.,open,PN100119827
TK-101058,MER-0018,2026-03-29 15:06:00,whatsapp,Customer payment failed but was debited,"Customer says payment went through on their phone but our dashboard shows failed. PN100166829. They are in the shop now and refusing to pay again.
Sent from my mobile device",pending_merchant,PN100166829
TK-101059,MER-0036,2026-03-25 11:39:00,phone,Payment declined repeatedly,Customer says payment went through on their phone but our dashboard shows failed. not recorded. They are in the shop now and refusing to pay again.,resolved,
TK-101060,MER-0037,2026-03-16 11:43:00,email,Where is our payout for 16 Mar?,"Hie, kindly confirm status of our settlement. Amount expected is around 40.16. Ref PN100112116.",open,PN100112116
TK-101061,MER-0053,2026-04-17 10:52:00,whatsapp,Callback not firing on our staging environment,"Our callback endpoint is not receiving anything for successful payments, though the dashboard shows them as successful. We are on the v2 integration. Logs attached in the portal.",open,PN100088832
TK-101062,MER-0048,2026-04-19 12:48:00,phone,Customer payment failed but was debited,"A customer tried to pay 5.95 and got an error on the checkout page, but they are telling me their wallet was debited. Transaction ref is PN100063415. Please reverse or confirm.",resolved,PN100063415
TK-101063,MER-0021,2026-04-24 13:59:00,whatsapp,Funds still not in our account,Good morning team. We reconciled our till this morning and the payout for 24 Apr 2026 has still not hit our FCA account. Our records show 44.31 collected. Please advise when we should expect it.,closed,PN100167040
TK-101064,MER-0046,2026-03-26 15:50:00,whatsapp,Settlement not received for 26 Mar,"We have not received settlement for 26 Mar 2026. This is the second time this month. Can someone check the batch on your side and come back to me today, we have suppliers waiting.",resolved,PN100051304
TK-101065,MER-0010,2026-04-15 16:38:00,email,Change of bank account details,Please add our new finance officer to the merchant portal with view only access.,closed,
TK-101066,MER-0002,2026-03-26 14:46:00,email,Customer double charged,"Customer was charged twice for the same order. Please reverse one of them. Ref PN100105033, amount 35.92. She has been calling since yesterday.",closed,PN100105033
TK-101067,MER-0041,2026-04-21 19:34:00,portal,Suspicious transaction pattern,"We had a series of small payments overnight from what looks like the same payer, all just under our review threshold. One ref is PN100144844. Can you block that payer and advise on next steps?",closed,PN100144844
TK-101068,MER-0009,2026-03-14 16:13:00,portal,Change of bank account details,Kindly send the statement for last month in Excel rather than PDF.,resolved,
TK-101069,MER-0013,2026-03-05 06:58:00,email,Fee does not match our agreement,Our finance team has reviewed the statement and the fee charged looks higher than the rate we agreed in the addendum. We understood the new rate applies from April. Please clarify.,closed,
TK-101070,MER-0030,2026-03-14 16:53:00,email,Payment declined repeatedly,Customer says payment went through on their phone but our dashboard shows failed. PN100125282. They are in the shop now and refusing to pay again.,open,PN100125282
TK-101071,MER-0059,2026-04-10 13:36:00,email,Customer payment failed but was debited,We are seeing a lot of declines this afternoon on mobile money. Ref not recorded is one example. Is there a problem on the rail side or is it us?,closed,
TK-101072,MER-0040,2026-04-19 15:55:00,email,Settlement not received for 19 Apr,"Hie, kindly confirm status of our settlement. Amount expected is around 82.85. Ref PN100164575.",pending_merchant,PN100164575
TK-101073,MER-0024,2026-03-30 08:05:00,portal,Where is our payout for 30 Mar?,"Hie, kindly confirm status of our settlement. Amount expected is around 3.44. Ref PN100136213.",resolved,PN100136213
TK-101074,MER-0016,2026-03-22 09:41:00,portal,Suspicious transaction pattern,"We had a series of small payments overnight from what looks like the same payer, all just under our review threshold. One ref is PN100129543. Can you block that payer and advise on next steps?",resolved,PN100129543
TK-101075,MER-0002,2026-04-09 19:48:00,email,Funds still not in our account,"Hie, kindly confirm status of our settlement. Amount expected is around n/a. Ref not recorded.",closed,
TK-101076,MER-0016,2026-03-10 09:05:00,email,Query on fees charged this month,Can you send a breakdown of fees for the period? We need it for our audit and the summary figure alone is not enough.,resolved,
TK-101077,MER-0021,2026-03-23 12:32:00,portal,Change of bank account details,Kindly send the statement for last month in Excel rather than PDF.,closed,
TK-101078,MER-0053,2026-04-07 15:13:00,whatsapp,Please reverse duplicate charge,"We need to refund 245.71 on PN100021667, the goods were returned. What is the process and how long does it take to reflect?",closed,PN100021667
TK-101079,MER-0001,2026-03-15 15:29:00,email,Transaction n/a failed on checkout,"A customer tried to pay n/a and got an error on the checkout page, but they are telling me their wallet was debited. Transaction ref is not recorded. Please reverse or confirm.",open,
TK-101080,MER-0005,2026-04-03 11:45:00,portal,Change of bank account details,Kindly send the statement for last month in Excel rather than PDF.,open,PN100061648
TK-101081,MER-0036,2026-04-02 17:57:00,phone,Possible fraudulent payments overnight,"We had a series of small payments overnight from what looks like the same payer, all just under our review threshold. One ref is PN100117218. Can you block that payer and advise on next steps?",resolved,PN100117218
TK-101082,MER-0060,2026-03-23 08:49:00,whatsapp,Refund request for n/a,"We need to refund n/a on not recorded, the goods were returned. What is the process and how long does it take to reflect?",closed,
TK-101083,MER-0025,2026-03-21 13:08:00,email,Refund request for PN100123761,"Customer was charged twice for the same order. Please reverse one of them. Ref PN100123761, amount 4.47. She has been calling since yesterday.",pending_merchant,PN100123761
TK-101084,MER-0056,2026-03-30 18:48:00,whatsapp,Customer payment failed but was debited,"A customer tried to pay 3.60 and got an error on the checkout page, but they are telling me their wallet was debited. Transaction ref is PN100043153. Please reverse or confirm.",pending_merchant,PN100043153
TK-101085,MER-0004,2026-03-16 10:50:00,whatsapp,Transaction PN100099953 failed on checkout,Customer says payment went through on their phone but our dashboard shows failed. PN100099953. They are in the shop now and refusing to pay again.,closed,PN100099953
TK-101086,MER-0004,2026-03-14 12:02:00,email,Transaction PN100009522 failed on checkout,"A customer tried to pay 15.35 and got an error on the checkout page, but they are telling me their wallet was debited. Transaction ref is PN100009522. Please reverse or confirm.",closed,PN100009522
TK-101087,MER-0055,2026-04-24 08:25:00,whatsapp,Settlement not received for 24 Apr,"Hie, kindly confirm status of our settlement. Amount expected is around 32.02. Ref PN100098400.",closed,PN100098400
TK-101088,MER-0044,2026-03-27 15:41:00,whatsapp,Settlement not received for 27 Mar,"Good morning team. We reconciled our till this morning and the payout for 27 Mar 2026 has still not hit our FCA account. Our records show 3,311.51 collected. Please advise when we should expect it.",open,PN100045432
TK-101089,MER-0025,2026-04-01 06:27:00,email,Add a user to our portal,Please add our new finance officer to the merchant portal with view only access.,resolved,
TK-101090,MER-0039,2026-04-21 10:42:00,portal,Callback not firing on our staging environment,"Question on statuses: if a payment sits at pending, how long before we can treat it as failed? Our checkout currently waits 30 seconds then gives up.",closed,PN100062269
TK-101091,MER-0023,2026-03-10 11:43:00,whatsapp,Payment declined repeatedly,We are seeing a lot of declines this afternoon on mobile money. Ref PN100117998 is one example. Is there a problem on the rail side or is it us?,closed,PN100117998
TK-101092,MER-0051,2026-04-16 12:23:00,email,Refund request for PN100056325,"Customer was charged twice for the same order. Please reverse one of them. Ref PN100056325, amount 550.19. She has been calling since yesterday.",resolved,PN100056325
TK-101093,MER-0033,2026-03-08 06:25:00,whatsapp,Settlement not received for 08 Mar,"We have not received settlement for 08 Mar 2026. This is the second time this month. Can someone check the batch on your side and come back to me today, we have suppliers waiting.",closed,PN100149907
TK-101094,MER-0021,2026-04-21 11:35:00,portal,How do we handle the pending status?,"We rotated our API key yesterday and now every request returns {""error"":""unauthorised""}. Nothing else changed on our side. Can you check whether the old key is still active?",resolved,PN100124960
TK-101095,MER-0039,2026-03-16 15:03:00,portal,Payment declined repeatedly,"A customer tried to pay 37.91 and got an error on the checkout page, but they are telling me their wallet was debited. Transaction ref is PN100017307. Please reverse or confirm.",pending_merchant,PN100017307
TK-101096,MER-0050,2026-03-13 16:13:00,whatsapp,Transaction PN100143543 failed on checkout,Customer says payment went through on their phone but our dashboard shows failed. PN100143543. They are in the shop now and refusing to pay again.,open,PN100143543
TK-101097,MER-0057,2026-04-01 11:18:00,email,Customer payment failed but was debited,Customer says payment went through on their phone but our dashboard shows failed. PN100037803. They are in the shop now and refusing to pay again.,resolved,PN100037803
TK-101098,MER-0061,2026-04-04 15:24:00,email,Fee does not match our agreement,Our finance team has reviewed the statement and the fee charged looks higher than the rate we agreed in the addendum. We understood the new rate applies from April. Please clarify.,closed,PN100051684
TK-101099,MER-0006,2026-03-29 10:14:00,email,Funds still not in our account,"We have not received settlement for 29 Mar 2026. This is the second time this month. Can someone check the batch on your side and come back to me today, we have suppliers waiting.",resolved,PN100056668
TK-101100,MER-0023,2026-03-03 09:52:00,email,Settlement not received for 03 Mar,"We have not received settlement for 03 Mar 2026. This is the second time this month. Can someone check the batch on your side and come back to me today, we have suppliers waiting.",open,PN100167471
TK-101101,MER-0021,2026-03-27 18:39:00,email,Where is our payout for 27 Mar?,"We have not received settlement for 27 Mar 2026. This is the second time this month. Can someone check the batch on your side and come back to me today, we have suppliers waiting.",pending_merchant,PN100059813
TK-101102,MER-0008,2026-03-01 08:28:00,email,Please reverse duplicate charge,"Customer was charged twice for the same order. Please reverse one of them. Ref not recorded, amount n/a. She has been calling since yesterday.",resolved,
TK-101103,MER-0058,2026-03-12 18:32:00,email,Request for statement,Please add our new finance officer to the merchant portal with view only access.,pending_merchant,
TK-101104,MER-0009,2026-03-20 14:14:00,email,Callback not firing on our staging environment,"We rotated our API key yesterday and now every request returns {""error"":""unauthorised""}. Nothing else changed on our side. Can you check whether the old key is still active?
Sent from my mobile device",open,PN100176282
TK-101105,MER-0017,2026-04-24 18:13:00,email,Payment declined repeatedly,"A customer tried to pay n/a and got an error on the checkout page, but they are telling me their wallet was debited. Transaction ref is not recorded. Please reverse or confirm.",closed,
TK-101106,MER-0052,2026-04-03 08:04:00,whatsapp,Please reverse duplicate charge,"We need to refund 25.02 on PN100063760, the goods were returned. What is the process and how long does it take to reflect?",closed,PN100063760
TK-101107,MER-0061,2026-03-15 14:33:00,portal,Customer double charged,"We need to refund 7.85 on PN100009081, the goods were returned. What is the process and how long does it take to reflect?",pending_merchant,PN100009081
TK-101108,MER-0022,2026-04-20 08:47:00,email,Suspicious transaction pattern,"We had a series of small payments overnight from what looks like the same payer, all just under our review threshold. One ref is not recorded. Can you block that payer and advise on next steps?",resolved,
TK-101109,MER-0022,2026-03-30 16:25:00,whatsapp,Add a user to our portal,We are changing our settlement bank. What documents do you need from us?,closed,
TK-101110,MER-0042,2026-03-04 17:28:00,portal,Where is our payout for 04 Mar?,"We have not received settlement for 04 Mar 2026. This is the second time this month. Can someone check the batch on your side and come back to me today, we have suppliers waiting.",open,
TK-101111,MER-0027,2026-04-24 06:22:00,email,Fee does not match our agreement,Our finance team has reviewed the statement and the fee charged looks higher than the rate we agreed in the addendum. We understood the new rate applies from April. Please clarify.,resolved,PN100059305
TK-101112,MER-0056,2026-04-01 11:58:00,email,Customer double charged,"We need to refund 5.17 on PN100092956, the goods were returned. What is the process and how long does it take to reflect?",resolved,PN100092956
TK-101113,MER-0011,2026-04-08 08:54:00,whatsapp,API returning 401 after key rotation,"Question on statuses: if a payment sits at pending, how long before we can treat it as failed? Our checkout currently waits 30 seconds then gives up.",closed,PN100004934
TK-101114,MER-0024,2026-03-15 15:00:00,portal,Where is our payout for 15 Mar?,"We have not received settlement for 15 Mar 2026. This is the second time this month. Can someone check the batch on your side and come back to me today, we have suppliers waiting.",closed,PN100078334
TK-101115,MER-0054,2026-04-05 12:04:00,email,Funds still not in our account,"We have not received settlement for 05 Apr 2026. This is the second time this month. Can someone check the batch on your side and come back to me today, we have suppliers waiting.",open,PN100126447
TK-101116,MER-0050,2026-04-06 07:05:00,whatsapp,Payment declined repeatedly,Customer says payment went through on their phone but our dashboard shows failed. not recorded. They are in the shop now and refusing to pay again.,closed,
TK-101117,MER-0015,2026-04-26 12:22:00,email,Customer payment failed but was debited,Customer says payment went through on their phone but our dashboard shows failed. PN100158029. They are in the shop now and refusing to pay again.,open,PN100158029
TK-101118,MER-0014,2026-03-26 15:37:00,whatsapp,Add a user to our portal,Kindly send the statement for last month in Excel rather than PDF.,closed,PN100126314
TK-101119,MER-0026,2026-03-06 07:25:00,email,Customer double charged,"Customer was charged twice for the same order. Please reverse one of them. Ref PN100107949, amount 119.52. She has been calling since yesterday.",closed,PN100107949
TK-101120,MER-0024,2026-04-14 11:10:00,email,Change of bank account details,We are changing our settlement bank. What documents do you need from us?,resolved,PN100090778
TK-101121,MER-0002,2026-04-26 09:00:00,whatsapp,Payment declined repeatedly,We are seeing a lot of declines this afternoon on mobile money. Ref PN100074033 is one example. Is there a problem on the rail side or is it us?,closed,PN100074033
TK-101122,MER-0032,2026-04-21 07:29:00,email,Transaction PN100137760 failed on checkout,"A customer tried to pay 121.21 and got an error on the checkout page, but they are telling me their wallet was debited. Transaction ref is PN100137760. Please reverse or confirm.",resolved,PN100137760
TK-101123,MER-0027,2026-03-07 15:49:00,whatsapp,API returning 401 after key rotation,"We rotated our API key yesterday and now every request returns {""error"":""unauthorised""}. Nothing else changed on our side. Can you check whether the old key is still active?",open,PN100070966
TK-101124,MER-0012,2026-03-04 11:39:00,portal,Where is our payout for 04 Mar?,"We have not received settlement for 04 Mar 2026. This is the second time this month. Can someone check the batch on your side and come back to me today, we have suppliers waiting.",resolved,PN100148338
TK-101125,MER-0041,2026-04-20 19:09:00,portal,Where is our payout for 20 Apr?,"We have not received settlement for 20 Apr 2026. This is the second time this month. Can someone check the batch on your side and come back to me today, we have suppliers waiting.",closed,PN100126499
TK-101126,MER-0056,2026-04-07 14:16:00,portal,Customer double charged,"Customer was charged twice for the same order. Please reverse one of them. Ref PN100015845, amount 9.01. She has been calling since yesterday.",resolved,PN100015845
TK-101127,MER-0046,2026-03-29 08:40:00,email,How do we handle the pending status?,"Question on statuses: if a payment sits at pending, how long before we can treat it as failed? Our checkout currently waits 30 seconds then gives up.",pending_merchant,PN100058977
TK-101128,MER-0043,2026-04-27 08:40:00,email,Where is our payout for 27 Apr?,Good morning team. We reconciled our till this morning and the payout for 27 Apr 2026 has still not hit our FCA account. Our records show 29.70 collected. Please advise when we should expect it.,open,PN100172826
TK-101129,MER-0041,2026-04-03 12:16:00,whatsapp,Request for fee breakdown,Our finance team has reviewed the statement and the fee charged looks higher than the rate we agreed in the addendum. We understood the new rate applies from April. Please clarify.,closed,
TK-101130,MER-0048,2026-03-17 10:54:00,whatsapp,Request for fee breakdown,Can you send a breakdown of fees for the period? We need it for our audit and the summary figure alone is not enough.,resolved,PN100147183
TK-101131,MER-0034,2026-04-09 12:47:00,whatsapp,Settlement not received for 09 Apr,"Hie, kindly confirm status of our settlement. Amount expected is around 105.48. Ref PN100015743.",closed,PN100015743
TK-101132,MER-0011,2026-04-13 12:13:00,email,Refund request for n/a,"Customer was charged twice for the same order. Please reverse one of them. Ref not recorded, amount n/a. She has been calling since yesterday.",resolved,
TK-101133,MER-0042,2026-03-20 06:29:00,email,Customer payment failed but was debited,Customer says payment went through on their phone but our dashboard shows failed. not recorded. They are in the shop now and refusing to pay again.,resolved,
TK-101134,MER-0058,2026-03-31 08:06:00,email,Customer double charged,"Customer was charged twice for the same order. Please reverse one of them. Ref PN100146992, amount 3,626.24. She has been calling since yesterday.",closed,PN100146992
TK-101135,MER-0037,2026-04-14 19:06:00,phone,Payment declined repeatedly,We are seeing a lot of declines this afternoon on mobile money. Ref not recorded is one example. Is there a problem on the rail side or is it us?,open,
TK-101136,MER-0035,2026-03-17 08:57:00,email,Settlement not received for 17 Mar,"We have not received settlement for 17 Mar 2026. This is the second time this month. Can someone check the batch on your side and come back to me today, we have suppliers waiting.",open,PN100161615
TK-101137,MER-0037,2026-04-17 18:52:00,email,Change of bank account details,Kindly send the statement for last month in Excel rather than PDF.,closed,PN100033177
TK-101138,MER-0038,2026-04-06 10:39:00,phone,Please reverse duplicate charge,"Customer was charged twice for the same order. Please reverse one of them. Ref PN100069757, amount 24.86. She has been calling since yesterday.",closed,PN100069757
TK-101139,MER-0035,2026-04-08 08:26:00,portal,Funds still not in our account,"We have not received settlement for 08 Apr 2026. This is the second time this month. Can someone check the batch on your side and come back to me today, we have suppliers waiting.",resolved,
TK-101140,MER-0016,2026-03-13 17:28:00,whatsapp,Funds still not in our account,"Hie, kindly confirm status of our settlement. Amount expected is around 1.11. Ref PN100074523.",closed,PN100074523
TK-101141,MER-0053,2026-04-26 17:27:00,phone,Query on fees charged this month,Our finance team has reviewed the statement and the fee charged looks higher than the rate we agreed in the addendum. We understood the new rate applies from April. Please clarify.,closed,PN100110323
TK-101142,MER-0039,2026-04-22 07:01:00,phone,Request for statement,Kindly send the statement for last month in Excel rather than PDF.,closed,
TK-101143,MER-0006,2026-04-17 13:17:00,whatsapp,Suspicious transaction pattern,"We had a series of small payments overnight from what looks like the same payer, all just under our review threshold. One ref is PN100033354. Can you block that payer and advise on next steps?",closed,PN100033354
TK-101144,MER-0054,2026-03-01 07:47:00,portal,Please reverse duplicate charge,"We need to refund 2.73 on PN100016887, the goods were returned. What is the process and how long does it take to reflect?",resolved,PN100016887
TK-101145,MER-0017,2026-04-29 06:00:00,email,Query on fees charged this month,Can you send a breakdown of fees for the period? We need it for our audit and the summary figure alone is not enough.,closed,PN100170189
TK-101146,MER-0004,2026-03-17 12:32:00,whatsapp,Request for fee breakdown,Can you send a breakdown of fees for the period? We need it for our audit and the summary figure alone is not enough.,closed,PN100137825
TK-101147,MER-0011,2026-04-20 15:17:00,phone,Customer payment failed but was debited,Customer says payment went through on their phone but our dashboard shows failed. not recorded. They are in the shop now and refusing to pay again.,resolved,
TK-101148,MER-0031,2026-03-23 11:27:00,portal,Add a user to our portal,Please add our new finance officer to the merchant portal with view only access.,open,
TK-101149,MER-0016,2026-04-09 18:55:00,whatsapp,Payment declined repeatedly,"A customer tried to pay 2.53 and got an error on the checkout page, but they are telling me their wallet was debited. Transaction ref is PN100133294. Please reverse or confirm.",closed,PN100133294
TK-101150,MER-0008,2026-04-17 10:17:00,email,Customer payment failed but was debited,"A customer tried to pay 13.22 and got an error on the checkout page, but they are telling me their wallet was debited. Transaction ref is PN100168168. Please reverse or confirm.",resolved,PN100168168
TK-101151,MER-0048,2026-04-17 12:55:00,portal,Request for statement,We are changing our settlement bank. What documents do you need from us?,open,
TK-101152,MER-0046,2026-04-12 07:44:00,email,How do we handle the pending status?,"Question on statuses: if a payment sits at pending, how long before we can treat it as failed? Our checkout currently waits 30 seconds then gives up.",resolved,
TK-101153,MER-0050,2026-04-28 11:08:00,email,Callback not firing on our staging environment,"We rotated our API key yesterday and now every request returns {""error"":""unauthorised""}. Nothing else changed on our side. Can you check whether the old key is still active?",closed,
TK-101154,MER-0019,2026-04-22 09:27:00,portal,Funds still not in our account,Good morning team. We reconciled our till this morning and the payout for 22 Apr 2026 has still not hit our FCA account. Our records show 9.13 collected. Please advise when we should expect it.,resolved,PN100047746
TK-101155,MER-0062,2026-03-08 13:16:00,portal,Request for fee breakdown,Our finance team has reviewed the statement and the fee charged looks higher than the rate we agreed in the addendum. We understood the new rate applies from April. Please clarify.,resolved,PN100131380
TK-101156,MER-0046,2026-03-27 17:09:00,email,Customer payment failed but was debited,"A customer tried to pay 15.65 and got an error on the checkout page, but they are telling me their wallet was debited. Transaction ref is PN100072657. Please reverse or confirm.",closed,PN100072657
TK-101157,MER-0030,2026-03-22 11:24:00,email,How do we handle the pending status?,"Question on statuses: if a payment sits at pending, how long before we can treat it as failed? Our checkout currently waits 30 seconds then gives up.",closed,PN100145470
TK-101158,MER-0060,2026-03-16 07:13:00,email,Settlement not received for 16 Mar,"We have not received settlement for 16 Mar 2026. This is the second time this month. Can someone check the batch on your side and come back to me today, we have suppliers waiting.",resolved,PN100157921
TK-101159,MER-0053,2026-04-08 06:59:00,portal,Query on fees charged this month,Our finance team has reviewed the statement and the fee charged looks higher than the rate we agreed in the addendum. We understood the new rate applies from April. Please clarify.,closed,PN100148702
TK-101160,MER-0014,2026-04-18 10:39:00,portal,Suspicious transaction pattern,"We had a series of small payments overnight from what looks like the same payer, all just under our review threshold. One ref is not recorded. Can you block that payer and advise on next steps?",resolved,
TK-101161,MER-0015,2026-04-03 16:29:00,phone,Suspicious transaction pattern,"We had a series of small payments overnight from what looks like the same payer, all just under our review threshold. One ref is PN100142079. Can you block that payer and advise on next steps?",resolved,PN100142079
TK-101162,MER-0016,2026-03-25 16:08:00,email,Request for fee breakdown,Can you send a breakdown of fees for the period? We need it for our audit and the summary figure alone is not enough.,closed,
TK-101163,MER-0002,2026-03-08 11:37:00,phone,Add a user to our portal,Kindly send the statement for last month in Excel rather than PDF.,closed,PN100146957
TK-101164,MER-0041,2026-04-09 11:50:00,email,Payment declined repeatedly,We are seeing a lot of declines this afternoon on mobile money. Ref not recorded is one example. Is there a problem on the rail side or is it us?,open,
TK-101165,MER-0015,2026-04-26 14:01:00,email,Query on fees charged this month,Our finance team has reviewed the statement and the fee charged looks higher than the rate we agreed in the addendum. We understood the new rate applies from April. Please clarify.,resolved,PN100093194
TK-101166,MER-0016,2026-04-28 19:21:00,email,Customer payment failed but was debited,We are seeing a lot of declines this afternoon on mobile money. Ref not recorded is one example. Is there a problem on the rail side or is it us?,resolved,
TK-101167,MER-0052,2026-03-18 18:16:00,whatsapp,Fee does not match our agreement,Can you send a breakdown of fees for the period? We need it for our audit and the summary figure alone is not enough.,resolved,PN100021292
TK-101168,MER-0060,2026-03-13 08:00:00,email,Add a user to our portal,Please add our new finance officer to the merchant portal with view only access.,closed,PN100066673
TK-101169,MER-0023,2026-03-26 18:48:00,email,Request for statement,Kindly send the statement for last month in Excel rather than PDF.,resolved,
TK-101170,MER-0061,2026-04-22 13:31:00,whatsapp,Callback not firing on our staging environment,"We rotated our API key yesterday and now every request returns {""error"":""unauthorised""}. Nothing else changed on our side. Can you check whether the old key is still active?",resolved,
TK-101171,MER-0015,2026-03-12 09:29:00,email,Change of bank account details,Please add our new finance officer to the merchant portal with view only access.,open,
TK-101172,MER-0008,2026-03-15 06:43:00,email,Customer payment failed but was debited,"A customer tried to pay 6.94 and got an error on the checkout page, but they are telling me their wallet was debited. Transaction ref is PN100080083. Please reverse or confirm.",pending_merchant,PN100080083
TK-101173,MER-0061,2026-03-05 06:56:00,email,Possible fraudulent payments overnight,"We had a series of small payments overnight from what looks like the same payer, all just under our review threshold. One ref is PN100034525. Can you block that payer and advise on next steps?",pending_merchant,PN100034525
TK-101174,MER-0052,2026-03-21 06:15:00,whatsapp,Customer payment failed but was debited,"A customer tried to pay n/a and got an error on the checkout page, but they are telling me their wallet was debited. Transaction ref is not recorded. Please reverse or confirm.",open,
TK-101175,MER-0016,2026-04-12 16:10:00,email,Suspicious transaction pattern,"We had a series of small payments overnight from what looks like the same payer, all just under our review threshold. One ref is PN100097041. Can you block that payer and advise on next steps?",closed,PN100097041
TK-101176,MER-0049,2026-03-23 06:29:00,whatsapp,Customer payment failed but was debited,"A customer tried to pay n/a and got an error on the checkout page, but they are telling me their wallet was debited. Transaction ref is not recorded. Please reverse or confirm.",resolved,
TK-101177,MER-0001,2026-03-20 06:05:00,whatsapp,Settlement not received for 20 Mar,"Hie, kindly confirm status of our settlement. Amount expected is around 3,334.35. Ref PN100116964.",resolved,PN100116964
TK-101178,MER-0057,2026-03-16 19:45:00,email,Customer payment failed but was debited,"A customer tried to pay n/a and got an error on the checkout page, but they are telling me their wallet was debited. Transaction ref is not recorded. Please reverse or confirm.",closed,
TK-101179,MER-0014,2026-03-28 11:55:00,email,Funds still not in our account,"We have not received settlement for 28 Mar 2026. This is the second time this month. Can someone check the batch on your side and come back to me today, we have suppliers waiting.",resolved,
TK-101180,MER-0005,2026-03-31 16:41:00,whatsapp,Customer double charged,"Customer was charged twice for the same order. Please reverse one of them. Ref PN100094446, amount 28.81. She has been calling since yesterday.",closed,PN100094446
TK-101181,MER-0057,2026-03-29 17:23:00,whatsapp,Add a user to our portal,Please add our new finance officer to the merchant portal with view only access.,closed,
TK-101182,MER-0012,2026-04-08 15:04:00,email,Refund request for PN100179107,"We need to refund 8.28 on PN100179107, the goods were returned. What is the process and how long does it take to reflect?",closed,PN100179107
TK-101183,MER-0038,2026-04-26 17:20:00,whatsapp,Please reverse duplicate charge,"Customer was charged twice for the same order. Please reverse one of them. Ref PN100080757, amount 3.22. She has been calling since yesterday.",open,PN100080757
TK-101184,MER-0004,2026-04-07 12:49:00,whatsapp,API returning 401 after key rotation,"We rotated our API key yesterday and now every request returns {""error"":""unauthorised""}. Nothing else changed on our side. Can you check whether the old key is still active?",resolved,
TK-101185,MER-0024,2026-03-27 09:36:00,whatsapp,Payment declined repeatedly,Customer says payment went through on their phone but our dashboard shows failed. PN100036099. They are in the shop now and refusing to pay again.,resolved,PN100036099
TK-101186,MER-0031,2026-03-16 06:52:00,whatsapp,How do we handle the pending status?,"We rotated our API key yesterday and now every request returns {""error"":""unauthorised""}. Nothing else changed on our side. Can you check whether the old key is still active?",closed,PN100025954
TK-101187,MER-0008,2026-03-05 10:58:00,email,Refund request for PN100002172,"We need to refund 33.42 on PN100002172, the goods were returned. What is the process and how long does it take to reflect?",open,PN100002172
TK-101188,MER-0028,2026-03-19 07:27:00,email,Customer payment failed but was debited,"A customer tried to pay 163.64 and got an error on the checkout page, but they are telling me their wallet was debited. Transaction ref is PN100112200. Please reverse or confirm.",pending_merchant,PN100112200
TK-101189,MER-0015,2026-04-12 19:26:00,portal,Refund request for PN100006217,"We need to refund 26.55 on PN100006217, the goods were returned. What is the process and how long does it take to reflect?",pending_merchant,PN100006217
TK-101190,MER-0011,2026-03-13 06:27:00,whatsapp,Customer payment failed but was debited,We are seeing a lot of declines this afternoon on mobile money. Ref PN100159236 is one example. Is there a problem on the rail side or is it us?,resolved,PN100159236
TK-101191,MER-0051,2026-04-13 12:52:00,email,Refund request for PN100086854,"Customer was charged twice for the same order. Please reverse one of them. Ref PN100086854, amount 418.85. She has been calling since yesterday.",closed,PN100086854
TK-101192,MER-0044,2026-03-20 12:51:00,email,Refund request for PN100119964,"Customer was charged twice for the same order. Please reverse one of them. Ref PN100119964, amount 1,185.31. She has been calling since yesterday.",resolved,PN100119964
TK-101193,MER-0049,2026-03-16 13:02:00,email,Funds still not in our account,"Hie, kindly confirm status of our settlement. Amount expected is around 2.47. Ref PN100111100.
Sent from my mobile device",closed,PN100111100
TK-101194,MER-0047,2026-03-17 18:19:00,portal,Please reverse duplicate charge,"Customer was charged twice for the same order. Please reverse one of them. Ref not recorded, amount n/a. She has been calling since yesterday.
Sent from my mobile device",resolved,
TK-101195,MER-0040,2026-04-12 08:39:00,whatsapp,Transaction PN100149947 failed on checkout,"A customer tried to pay 60.20 and got an error on the checkout page, but they are telling me their wallet was debited. Transaction ref is PN100149947. Please reverse or confirm.",open,PN100149947
TK-101196,MER-0026,2026-03-08 06:07:00,portal,API returning 401 after key rotation,"Question on statuses: if a payment sits at pending, how long before we can treat it as failed? Our checkout currently waits 30 seconds then gives up.",open,PN100117772
TK-101197,MER-0044,2026-03-17 16:41:00,phone,Customer payment failed but was debited,"A customer tried to pay 61.01 and got an error on the checkout page, but they are telling me their wallet was debited. Transaction ref is PN100035475. Please reverse or confirm.",pending_merchant,PN100035475
TK-101198,MER-0059,2026-03-24 14:37:00,email,Callback not firing on our staging environment,"Question on statuses: if a payment sits at pending, how long before we can treat it as failed? Our checkout currently waits 30 seconds then gives up.",open,
TK-101199,MER-0013,2026-04-30 06:13:00,email,Please reverse duplicate charge,"Customer was charged twice for the same order. Please reverse one of them. Ref PN100173307, amount 9.70. She has been calling since yesterday.",resolved,PN100173307
TK-101200,MER-0026,2026-04-18 13:29:00,email,Transaction n/a failed on checkout,"A customer tried to pay n/a and got an error on the checkout page, but they are telling me their wallet was debited. Transaction ref is not recorded. Please reverse or confirm.",resolved,
TK-101201,MER-0060,2026-03-10 17:20:00,email,Possible fraudulent payments overnight,"We had a series of small payments overnight from what looks like the same payer, all just under our review threshold. One ref is PN100049128. Can you block that payer and advise on next steps?",open,PN100049128
TK-101202,MER-0058,2026-03-30 06:50:00,email,Suspicious transaction pattern,"We had a series of small payments overnight from what looks like the same payer, all just under our review threshold. One ref is PN100007942. Can you block that payer and advise on next steps?",resolved,PN100007942
TK-101203,MER-0005,2026-04-11 09:51:00,email,Fee does not match our agreement,Our finance team has reviewed the statement and the fee charged looks higher than the rate we agreed in the addendum. We understood the new rate applies from April. Please clarify.,closed,PN100175683
TK-101204,MER-0060,2026-04-27 12:09:00,portal,Suspicious transaction pattern,"We had a series of small payments overnight from what looks like the same payer, all just under our review threshold. One ref is PN100175164. Can you block that payer and advise on next steps?
Sent from my mobile device",closed,PN100175164
TK-101205,MER-0017,2026-04-02 09:31:00,whatsapp,API returning 401 after key rotation,"Our callback endpoint is not receiving anything for successful payments, though the dashboard shows them as successful. We are on the v2 integration. Logs attached in the portal.",pending_merchant,PN100028245
TK-101206,MER-0024,2026-03-29 19:26:00,email,Transaction PN100047257 failed on checkout,"A customer tried to pay 5.45 and got an error on the checkout page, but they are telling me their wallet was debited. Transaction ref is PN100047257. Please reverse or confirm.",closed,PN100047257
TK-101207,MER-0026,2026-03-09 12:06:00,email,Change of bank account details,Please add our new finance officer to the merchant portal with view only access.,resolved,PN100134971
TK-101208,MER-0042,2026-04-21 14:16:00,portal,How do we handle the pending status?,"Our callback endpoint is not receiving anything for successful payments, though the dashboard shows them as successful. We are on the v2 integration. Logs attached in the portal.",pending_merchant,
TK-101209,MER-0006,2026-04-09 16:31:00,whatsapp,Request for statement,We are changing our settlement bank. What documents do you need from us?,resolved,PN100139927
TK-101210,MER-0051,2026-03-01 19:01:00,portal,Transaction n/a failed on checkout,Customer says payment went through on their phone but our dashboard shows failed. not recorded. They are in the shop now and refusing to pay again.,open,
TK-101211,MER-0010,2026-03-12 12:04:00,whatsapp,Payment declined repeatedly,We are seeing a lot of declines this afternoon on mobile money. Ref PN100062759 is one example. Is there a problem on the rail side or is it us?,open,PN100062759
TK-101212,MER-0054,2026-03-25 14:03:00,portal,How do we handle the pending status?,"Our callback endpoint is not receiving anything for successful payments, though the dashboard shows them as successful. We are on the v2 integration. Logs attached in the portal.",pending_merchant,PN100103133
TK-101213,MER-0044,2026-03-15 15:26:00,email,Refund request for PN100071644,"We need to refund 81.43 on PN100071644, the goods were returned. What is the process and how long does it take to reflect?",closed,PN100071644
TK-101214,MER-0051,2026-03-20 19:47:00,portal,Query on fees charged this month,Can you send a breakdown of fees for the period? We need it for our audit and the summary figure alone is not enough.,closed,
TK-101215,MER-0011,2026-03-01 16:48:00,whatsapp,API returning 401 after key rotation,"We rotated our API key yesterday and now every request returns {""error"":""unauthorised""}. Nothing else changed on our side. Can you check whether the old key is still active?",open,PN100159002
TK-101216,MER-0004,2026-04-08 15:00:00,email,Settlement not received for 08 Apr,"Good morning team. We reconciled our till this morning and the payout for 08 Apr 2026 has still not hit our FCA account. Our records show n/a collected. Please advise when we should expect it.
Sent from my mobile device",resolved,
TK-101217,MER-0001,2026-04-21 16:11:00,whatsapp,Suspicious transaction pattern,"We had a series of small payments overnight from what looks like the same payer, all just under our review threshold. One ref is PN100002592. Can you block that payer and advise on next steps?",closed,PN100002592
TK-101218,MER-0034,2026-04-03 12:34:00,portal,Settlement not received for 03 Apr,"We have not received settlement for 03 Apr 2026. This is the second time this month. Can someone check the batch on your side and come back to me today, we have suppliers waiting.",closed,PN100138601
TK-101219,MER-0048,2026-04-11 10:40:00,portal,Change of bank account details,We are changing our settlement bank. What documents do you need from us?,open,PN100083981
TK-101220,MER-0054,2026-04-27 08:44:00,portal,Payment declined repeatedly,We are seeing a lot of declines this afternoon on mobile money. Ref PN100057950 is one example. Is there a problem on the rail side or is it us?,closed,PN100057950
TK-101221,MER-0050,2026-03-21 08:35:00,email,Funds still not in our account,Good morning team. We reconciled our till this morning and the payout for 21 Mar 2026 has still not hit our FCA account. Our records show n/a collected. Please advise when we should expect it.,resolved,
TK-101222,MER-0050,2026-04-08 06:39:00,email,Settlement not received for 08 Apr,"Hie, kindly confirm status of our settlement. Amount expected is around n/a. Ref not recorded.",pending_merchant,
TK-101223,MER-0045,2026-04-13 18:56:00,email,Query on fees charged this month,Our finance team has reviewed the statement and the fee charged looks higher than the rate we agreed in the addendum. We understood the new rate applies from April. Please clarify.,closed,PN100029654
TK-101224,MER-0040,2026-03-13 12:33:00,whatsapp,Where is our payout for 13 Mar?,"We have not received settlement for 13 Mar 2026. This is the second time this month. Can someone check the batch on your side and come back to me today, we have suppliers waiting.",closed,
TK-101225,MER-0008,2026-04-29 17:22:00,email,Where is our payout for 29 Apr?,"Hie, kindly confirm status of our settlement. Amount expected is around 5.57. Ref PN100038985.",resolved,PN100038985
TK-101226,MER-0053,2026-04-23 14:51:00,portal,Customer payment failed but was debited,Customer says payment went through on their phone but our dashboard shows failed. not recorded. They are in the shop now and refusing to pay again.,closed,
TK-101227,MER-0061,2026-04-16 07:14:00,whatsapp,Callback not firing on our staging environment,"Question on statuses: if a payment sits at pending, how long before we can treat it as failed? Our checkout currently waits 30 seconds then gives up.",resolved,
TK-101228,MER-0024,2026-03-19 17:05:00,email,Callback not firing on our staging environment,"Question on statuses: if a payment sits at pending, how long before we can treat it as failed? Our checkout currently waits 30 seconds then gives up.",closed,PN100040233
TK-101229,MER-0061,2026-03-11 19:33:00,email,Funds still not in our account,Good morning team. We reconciled our till this morning and the payout for 11 Mar 2026 has still not hit our FCA account. Our records show 2.04 collected. Please advise when we should expect it.,open,PN100059978
TK-101230,MER-0024,2026-03-18 07:19:00,whatsapp,Customer payment failed but was debited,Customer says payment went through on their phone but our dashboard shows failed. PN100077302. They are in the shop now and refusing to pay again.,closed,PN100077302
TK-101231,MER-0056,2026-03-19 15:00:00,whatsapp,Customer double charged,"We need to refund n/a on not recorded, the goods were returned. What is the process and how long does it take to reflect?",closed,
TK-101232,MER-0012,2026-03-16 07:43:00,email,Customer payment failed but was debited,"A customer tried to pay n/a and got an error on the checkout page, but they are telling me their wallet was debited. Transaction ref is not recorded. Please reverse or confirm.",closed,
TK-101233,MER-0057,2026-03-13 17:48:00,email,Where is our payout for 13 Mar?,Good morning team. We reconciled our till this morning and the payout for 13 Mar 2026 has still not hit our FCA account. Our records show n/a collected. Please advise when we should expect it.,resolved,
TK-101234,MER-0050,2026-04-20 07:34:00,portal,Fee does not match our agreement,Our finance team has reviewed the statement and the fee charged looks higher than the rate we agreed in the addendum. We understood the new rate applies from April. Please clarify.,closed,
TK-101235,MER-0009,2026-03-18 08:13:00,email,Fee does not match our agreement,Can you send a breakdown of fees for the period? We need it for our audit and the summary figure alone is not enough.,resolved,PN100054568
TK-101236,MER-0056,2026-04-12 12:21:00,whatsapp,Query on fees charged this month,Can you send a breakdown of fees for the period? We need it for our audit and the summary figure alone is not enough.,open,
TK-101237,MER-0006,2026-04-02 07:35:00,portal,Possible fraudulent payments overnight,"We had a series of small payments overnight from what looks like the same payer, all just under our review threshold. One ref is not recorded. Can you block that payer and advise on next steps?",closed,
TK-101238,MER-0026,2026-04-29 11:32:00,email,Settlement not received for 29 Apr,"We have not received settlement for 29 Apr 2026. This is the second time this month. Can someone check the batch on your side and come back to me today, we have suppliers waiting.",closed,PN100087122
TK-101239,MER-0049,2026-04-11 18:25:00,email,Customer payment failed but was debited,"We are seeing a lot of declines this afternoon on mobile money. Ref PN100167214 is one example. Is there a problem on the rail side or is it us?
Sent from my mobile device",pending_merchant,PN100167214
TK-101240,MER-0059,2026-04-11 16:16:00,portal,Suspicious transaction pattern,"We had a series of small payments overnight from what looks like the same payer, all just under our review threshold. One ref is PN100136448. Can you block that payer and advise on next steps?",closed,PN100136448
TK-101241,MER-0039,2026-03-14 15:53:00,email,Funds still not in our account,Good morning team. We reconciled our till this morning and the payout for 14 Mar 2026 has still not hit our FCA account. Our records show 384.10 collected. Please advise when we should expect it.,closed,PN100078970
TK-101242,MER-0015,2026-03-06 18:12:00,whatsapp,Customer payment failed but was debited,We are seeing a lot of declines this afternoon on mobile money. Ref PN100098275 is one example. Is there a problem on the rail side or is it us?,closed,PN100098275
TK-101243,MER-0014,2026-04-27 09:35:00,email,Fee does not match our agreement,Can you send a breakdown of fees for the period? We need it for our audit and the summary figure alone is not enough.,resolved,PN100026441
TK-101244,MER-0033,2026-03-09 11:16:00,email,Refund request for PN100089258,"We need to refund 15.84 on PN100089258, the goods were returned. What is the process and how long does it take to reflect?",closed,PN100089258
TK-101245,MER-0026,2026-04-04 08:01:00,email,Customer double charged,"We need to refund 180.80 on PN100110726, the goods were returned. What is the process and how long does it take to reflect?",closed,PN100110726
TK-101246,MER-0048,2026-04-08 17:15:00,email,Change of bank account details,Kindly send the statement for last month in Excel rather than PDF.,resolved,
TK-101247,MER-0041,2026-03-16 06:39:00,email,Transaction PN100145276 failed on checkout,Customer says payment went through on their phone but our dashboard shows failed. PN100145276. They are in the shop now and refusing to pay again.,resolved,PN100145276
TK-101248,MER-0045,2026-03-06 17:26:00,portal,Payment declined repeatedly,We are seeing a lot of declines this afternoon on mobile money. Ref PN100096601 is one example. Is there a problem on the rail side or is it us?,open,PN100096601
TK-101249,MER-0049,2026-04-11 18:42:00,email,Add a user to our portal,Please add our new finance officer to the merchant portal with view only access.,closed,PN100085327
TK-101250,MER-0034,2026-04-08 17:53:00,email,Request for statement,We are changing our settlement bank. What documents do you need from us?,open,
TK-101251,MER-0045,2026-04-30 12:13:00,portal,Funds still not in our account,"We have not received settlement for 30 Apr 2026. This is the second time this month. Can someone check the batch on your side and come back to me today, we have suppliers waiting.",pending_merchant,PN100022278
TK-101252,MER-0039,2026-04-27 07:55:00,email,Change of bank account details,Please add our new finance officer to the merchant portal with view only access.,closed,PN100173504
TK-101253,MER-0019,2026-04-18 16:12:00,email,Payment declined repeatedly,We are seeing a lot of declines this afternoon on mobile money. Ref not recorded is one example. Is there a problem on the rail side or is it us?,closed,
TK-101254,MER-0024,2026-04-27 18:33:00,portal,Customer payment failed but was debited,Customer says payment went through on their phone but our dashboard shows failed. not recorded. They are in the shop now and refusing to pay again.,open,
TK-101255,MER-0013,2026-04-11 12:21:00,whatsapp,API returning 401 after key rotation,"We rotated our API key yesterday and now every request returns {""error"":""unauthorised""}. Nothing else changed on our side. Can you check whether the old key is still active?",resolved,PN100154847
TK-101256,MER-0019,2026-04-06 17:15:00,email,Fee does not match our agreement,Can you send a breakdown of fees for the period? We need it for our audit and the summary figure alone is not enough.,resolved,PN100066174
TK-101257,MER-0008,2026-03-05 15:44:00,portal,Where is our payout for 05 Mar?,"Good morning team. We reconciled our till this morning and the payout for 05 Mar 2026 has still not hit our FCA account. Our records show n/a collected. Please advise when we should expect it.
Sent from my mobile device",open,
TK-101258,MER-0045,2026-03-14 12:52:00,whatsapp,Transaction PN100130284 failed on checkout,We are seeing a lot of declines this afternoon on mobile money. Ref PN100130284 is one example. Is there a problem on the rail side or is it us?,pending_merchant,PN100130284
TK-101259,MER-0025,2026-04-08 13:55:00,whatsapp,Transaction PN100056455 failed on checkout,Customer says payment went through on their phone but our dashboard shows failed. PN100056455. They are in the shop now and refusing to pay again.,open,PN100056455
TK-101260,MER-0027,2026-04-08 10:20:00,portal,Customer payment failed but was debited,We are seeing a lot of declines this afternoon on mobile money. Ref PN100123320 is one example. Is there a problem on the rail side or is it us?,closed,PN100123320
TK-101261,MER-0036,2026-03-01 06:21:00,email,Funds still not in our account,Good morning team. We reconciled our till this morning and the payout for 01 Mar 2026 has still not hit our FCA account. Our records show n/a collected. Please advise when we should expect it.,pending_merchant,
TK-101262,MER-0005,2026-04-02 18:48:00,whatsapp,Customer payment failed but was debited,"A customer tried to pay n/a and got an error on the checkout page, but they are telling me their wallet was debited. Transaction ref is not recorded. Please reverse or confirm.",open,
TK-101263,MER-0032,2026-04-27 15:23:00,email,API returning 401 after key rotation,"Question on statuses: if a payment sits at pending, how long before we can treat it as failed? Our checkout currently waits 30 seconds then gives up.",resolved,PN100142200
TK-101264,MER-0060,2026-04-24 06:25:00,email,Fee does not match our agreement,Can you send a breakdown of fees for the period? We need it for our audit and the summary figure alone is not enough.,open,PN100075988
TK-101265,MER-0039,2026-03-16 13:05:00,email,Settlement not received for 16 Mar,"We have not received settlement for 16 Mar 2026. This is the second time this month. Can someone check the batch on your side and come back to me today, we have suppliers waiting.",closed,
TK-101266,MER-0008,2026-04-20 16:48:00,email,Settlement not received for 20 Apr,"We have not received settlement for 20 Apr 2026. This is the second time this month. Can someone check the batch on your side and come back to me today, we have suppliers waiting.
Sent from my mobile device",resolved,PN100059792
TK-101267,MER-0040,2026-04-04 19:07:00,email,Request for statement,Please add our new finance officer to the merchant portal with view only access.,open,
TK-101268,MER-0018,2026-03-11 17:48:00,email,Customer payment failed but was debited,We are seeing a lot of declines this afternoon on mobile money. Ref PN100112854 is one example. Is there a problem on the rail side or is it us?,open,PN100112854
TK-101269,MER-0013,2026-03-31 15:24:00,whatsapp,Possible fraudulent payments overnight,"We had a series of small payments overnight from what looks like the same payer, all just under our review threshold. One ref is PN100109922. Can you block that payer and advise on next steps?",open,PN100109922
TK-101270,MER-0018,2026-04-18 07:26:00,whatsapp,Refund request for n/a,"We need to refund n/a on not recorded, the goods were returned. What is the process and how long does it take to reflect?",closed,
TK-101271,MER-0019,2026-04-03 08:15:00,whatsapp,Suspicious transaction pattern,"We had a series of small payments overnight from what looks like the same payer, all just under our review threshold. One ref is PN100036481. Can you block that payer and advise on next steps?",closed,PN100036481
TK-101272,MER-0020,2026-04-07 10:16:00,portal,Where is our payout for 07 Apr?,"We have not received settlement for 07 Apr 2026. This is the second time this month. Can someone check the batch on your side and come back to me today, we have suppliers waiting.",pending_merchant,
TK-101273,MER-0007,2026-03-25 14:31:00,email,Payment declined repeatedly,Customer says payment went through on their phone but our dashboard shows failed. PN100146530. They are in the shop now and refusing to pay again.,pending_merchant,PN100146530
TK-101274,MER-0001,2026-03-26 13:32:00,whatsapp,Settlement not received for 26 Mar,"Hie, kindly confirm status of our settlement. Amount expected is around n/a. Ref not recorded.",resolved,
TK-101275,MER-0017,2026-03-14 16:39:00,email,Request for fee breakdown,Our finance team has reviewed the statement and the fee charged looks higher than the rate we agreed in the addendum. We understood the new rate applies from April. Please clarify.,pending_merchant,PN100131118
TK-101276,MER-0043,2026-04-13 11:58:00,email,Payment declined repeatedly,Customer says payment went through on their phone but our dashboard shows failed. not recorded. They are in the shop now and refusing to pay again.,resolved,
TK-101277,MER-0047,2026-04-09 15:51:00,email,Callback not firing on our staging environment,"Our callback endpoint is not receiving anything for successful payments, though the dashboard shows them as successful. We are on the v2 integration. Logs attached in the portal.",resolved,PN100072045
TK-101278,MER-0058,2026-03-10 16:22:00,phone,Request for fee breakdown,Our finance team has reviewed the statement and the fee charged looks higher than the rate we agreed in the addendum. We understood the new rate applies from April. Please clarify.,closed,
TK-101279,MER-0058,2026-04-15 08:06:00,portal,Funds still not in our account,"Hie, kindly confirm status of our settlement. Amount expected is around n/a. Ref not recorded.",open,
TK-101280,MER-0021,2026-04-09 15:27:00,email,Request for statement,We are changing our settlement bank. What documents do you need from us?,closed,PN100172962
TK-101281,MER-0031,2026-03-29 15:09:00,email,Refund request for PN100014906,"Customer was charged twice for the same order. Please reverse one of them. Ref PN100014906, amount 132.85. She has been calling since yesterday.",closed,PN100014906
TK-101282,MER-0005,2026-04-24 16:16:00,email,Request for fee breakdown,Can you send a breakdown of fees for the period? We need it for our audit and the summary figure alone is not enough.,open,PN100065765
TK-101283,MER-0046,2026-03-18 10:49:00,whatsapp,Settlement not received for 18 Mar,Good morning team. We reconciled our till this morning and the payout for 18 Mar 2026 has still not hit our FCA account. Our records show n/a collected. Please advise when we should expect it.,closed,
TK-101284,MER-0017,2026-04-27 13:45:00,portal,API returning 401 after key rotation,"We rotated our API key yesterday and now every request returns {""error"":""unauthorised""}. Nothing else changed on our side. Can you check whether the old key is still active?",closed,PN100173752
TK-101285,MER-0023,2026-04-29 13:54:00,email,How do we handle the pending status?,"Question on statuses: if a payment sits at pending, how long before we can treat it as failed? Our checkout currently waits 30 seconds then gives up.",closed,PN100008593
TK-101286,MER-0016,2026-03-09 06:56:00,whatsapp,Fee does not match our agreement,Our finance team has reviewed the statement and the fee charged looks higher than the rate we agreed in the addendum. We understood the new rate applies from April. Please clarify.,resolved,PN100179375
TK-101287,MER-0008,2026-03-20 09:00:00,whatsapp,Fee does not match our agreement,Can you send a breakdown of fees for the period? We need it for our audit and the summary figure alone is not enough.,resolved,PN100177409
TK-101288,MER-0046,2026-04-18 14:28:00,whatsapp,Refund request for n/a,"Customer was charged twice for the same order. Please reverse one of them. Ref not recorded, amount n/a. She has been calling since yesterday.",resolved,
TK-101289,MER-0016,2026-04-06 12:47:00,portal,Please reverse duplicate charge,"Customer was charged twice for the same order. Please reverse one of them. Ref PN100007152, amount 1.58. She has been calling since yesterday.",pending_merchant,PN100007152
TK-101290,MER-0047,2026-03-18 09:46:00,email,Fee does not match our agreement,Can you send a breakdown of fees for the period? We need it for our audit and the summary figure alone is not enough.,open,PN100117574
TK-101291,MER-0003,2026-04-04 09:16:00,email,Refund request for PN100138121,"Customer was charged twice for the same order. Please reverse one of them. Ref PN100138121, amount 19.94. She has been calling since yesterday.",open,PN100138121
TK-101292,MER-0035,2026-04-29 08:07:00,portal,Customer payment failed but was debited,We are seeing a lot of declines this afternoon on mobile money. Ref PN100107007 is one example. Is there a problem on the rail side or is it us?,resolved,PN100107007
TK-101293,MER-0016,2026-04-29 11:39:00,portal,Please reverse duplicate charge,"We need to refund 1.27 on PN100098674, the goods were returned. What is the process and how long does it take to reflect?",closed,PN100098674
TK-101294,MER-0013,2026-03-21 11:23:00,portal,Payment declined repeatedly,We are seeing a lot of declines this afternoon on mobile money. Ref not recorded is one example. Is there a problem on the rail side or is it us?,open,
TK-101295,MER-0055,2026-03-28 08:41:00,email,Please reverse duplicate charge,"Customer was charged twice for the same order. Please reverse one of them. Ref PN100025969, amount 33.65. She has been calling since yesterday.",closed,PN100025969
TK-101296,MER-0048,2026-03-28 19:10:00,portal,How do we handle the pending status?,"Our callback endpoint is not receiving anything for successful payments, though the dashboard shows them as successful. We are on the v2 integration. Logs attached in the portal.",pending_merchant,PN100161595
TK-101297,MER-0053,2026-03-11 15:50:00,whatsapp,Settlement not received for 11 Mar,"Hie, kindly confirm status of our settlement. Amount expected is around 16.15. Ref PN100011684.",closed,PN100011684
TK-101298,MER-0006,2026-04-22 06:29:00,portal,Settlement not received for 22 Apr,Good morning team. We reconciled our till this morning and the payout for 22 Apr 2026 has still not hit our FCA account. Our records show 4.52 collected. Please advise when we should expect it.,resolved,PN100028982
TK-101299,MER-0038,2026-03-26 08:57:00,email,Fee does not match our agreement,Our finance team has reviewed the statement and the fee charged looks higher than the rate we agreed in the addendum. We understood the new rate applies from April. Please clarify.,closed,PN100134298
TK-101300,MER-0016,2026-04-03 14:56:00,email,Transaction PN100032674 failed on checkout,Customer says payment went through on their phone but our dashboard shows failed. PN100032674. They are in the shop now and refusing to pay again.,resolved,PN100032674
TK-101301,MER-0010,2026-03-12 17:10:00,portal,API returning 401 after key rotation,"Question on statuses: if a payment sits at pending, how long before we can treat it as failed? Our checkout currently waits 30 seconds then gives up.",closed,PN100045709
TK-101302,MER-0036,2026-04-14 13:44:00,portal,Customer payment failed but was debited,We are seeing a lot of declines this afternoon on mobile money. Ref not recorded is one example. Is there a problem on the rail side or is it us?,resolved,
TK-101303,MER-0052,2026-03-28 19:15:00,email,Refund request for PN100141429,"We need to refund 88.55 on PN100141429, the goods were returned. What is the process and how long does it take to reflect?",closed,PN100141429
TK-101304,MER-0040,2026-03-15 10:45:00,email,Funds still not in our account,"Hie, kindly confirm status of our settlement. Amount expected is around n/a. Ref not recorded.",closed,
TK-101305,MER-0053,2026-04-27 09:46:00,email,Please reverse duplicate charge,"We need to refund 14.34 on PN100163183, the goods were returned. What is the process and how long does it take to reflect?",resolved,PN100163183
TK-101306,MER-0006,2026-03-29 19:45:00,email,Please reverse duplicate charge,"Customer was charged twice for the same order. Please reverse one of them. Ref PN100125884, amount 30.69. She has been calling since yesterday.
Sent from my mobile device",pending_merchant,PN100125884
TK-101307,MER-0057,2026-04-24 12:35:00,whatsapp,Change of bank account details,Please add our new finance officer to the merchant portal with view only access.,closed,
TK-101308,MER-0058,2026-03-02 08:02:00,portal,Request for fee breakdown,Our finance team has reviewed the statement and the fee charged looks higher than the rate we agreed in the addendum. We understood the new rate applies from April. Please clarify.,open,PN100151493
TK-101309,MER-0049,2026-04-09 06:39:00,email,How do we handle the pending status?,"Our callback endpoint is not receiving anything for successful payments, though the dashboard shows them as successful. We are on the v2 integration. Logs attached in the portal.",pending_merchant,PN100043441
TK-101310,MER-0035,2026-04-05 11:24:00,portal,Customer payment failed but was debited,Customer says payment went through on their phone but our dashboard shows failed. not recorded. They are in the shop now and refusing to pay again.,resolved,
TK-101311,MER-0049,2026-04-14 18:31:00,email,API returning 401 after key rotation,"We rotated our API key yesterday and now every request returns {""error"":""unauthorised""}. Nothing else changed on our side. Can you check whether the old key is still active?",closed,
TK-101312,MER-0033,2026-03-14 16:58:00,email,Funds still not in our account,Good morning team. We reconciled our till this morning and the payout for 14 Mar 2026 has still not hit our FCA account. Our records show 17.33 collected. Please advise when we should expect it.,open,PN100170405
TK-101313,MER-0018,2026-04-26 06:23:00,email,Callback not firing on our staging environment,"Question on statuses: if a payment sits at pending, how long before we can treat it as failed? Our checkout currently waits 30 seconds then gives up.",closed,PN100121379
TK-101314,MER-0043,2026-03-27 15:03:00,whatsapp,Customer payment failed but was debited,"A customer tried to pay 22.64 and got an error on the checkout page, but they are telling me their wallet was debited. Transaction ref is PN100002796. Please reverse or confirm.",open,PN100002796
TK-101315,MER-0028,2026-03-07 08:51:00,phone,Change of bank account details,Kindly send the statement for last month in Excel rather than PDF.,closed,PN100109855
TK-101316,MER-0039,2026-03-29 19:34:00,portal,Request for fee breakdown,Our finance team has reviewed the statement and the fee charged looks higher than the rate we agreed in the addendum. We understood the new rate applies from April. Please clarify.,open,PN100123985
TK-101317,MER-0041,2026-03-12 19:54:00,email,Transaction PN100099113 failed on checkout,"A customer tried to pay 2.42 and got an error on the checkout page, but they are telling me their wallet was debited. Transaction ref is PN100099113. Please reverse or confirm.",resolved,PN100099113
TK-101318,MER-0011,2026-04-19 08:22:00,whatsapp,Change of bank account details,We are changing our settlement bank. What documents do you need from us?,closed,PN100002636
TK-101319,MER-0021,2026-04-07 11:04:00,email,Customer double charged,"We need to refund 30.12 on PN100048050, the goods were returned. What is the process and how long does it take to reflect?",open,PN100048050
TK-101320,MER-0044,2026-03-13 06:01:00,email,Customer double charged,"We need to refund 164.91 on PN100007087, the goods were returned. What is the process and how long does it take to reflect?",closed,PN100007087
TK-101321,MER-0030,2026-04-19 15:03:00,portal,Customer payment failed but was debited,Customer says payment went through on their phone but our dashboard shows failed. PN100140849. They are in the shop now and refusing to pay again.,closed,PN100140849
TK-101322,MER-0051,2026-04-19 13:18:00,email,Payment declined repeatedly,Customer says payment went through on their phone but our dashboard shows failed. PN100124710. They are in the shop now and refusing to pay again.,closed,PN100124710
TK-101323,MER-0012,2026-03-18 15:15:00,email,Possible fraudulent payments overnight,"We had a series of small payments overnight from what looks like the same payer, all just under our review threshold. One ref is PN100049256. Can you block that payer and advise on next steps?
Sent from my mobile device",closed,PN100049256
TK-101324,MER-0031,2026-03-10 11:56:00,email,Change of bank account details,Kindly send the statement for last month in Excel rather than PDF.,closed,PN100014906
TK-101325,MER-0051,2026-04-14 16:12:00,portal,Where is our payout for 14 Apr?,Good morning team. We reconciled our till this morning and the payout for 14 Apr 2026 has still not hit our FCA account. Our records show 399.60 collected. Please advise when we should expect it.,closed,PN100126924
TK-101326,MER-0002,2026-03-15 13:56:00,email,Customer payment failed but was debited,"We are seeing a lot of declines this afternoon on mobile money. Ref PN100006925 is one example. Is there a problem on the rail side or is it us?
Sent from my mobile device",open,PN100006925
TK-101327,MER-0029,2026-03-01 13:54:00,email,Query on fees charged this month,Our finance team has reviewed the statement and the fee charged looks higher than the rate we agreed in the addendum. We understood the new rate applies from April. Please clarify.,open,PN100071945
TK-101328,MER-0043,2026-04-02 09:18:00,phone,Customer payment failed but was debited,"A customer tried to pay 8.81 and got an error on the checkout page, but they are telling me their wallet was debited. Transaction ref is PN100072030. Please reverse or confirm.",open,PN100072030
TK-101329,MER-0024,2026-03-31 08:20:00,email,Request for fee breakdown,Our finance team has reviewed the statement and the fee charged looks higher than the rate we agreed in the addendum. We understood the new rate applies from April. Please clarify.,open,PN100175418
TK-101330,MER-0059,2026-04-19 10:51:00,email,Refund request for PN100000536,"We need to refund 2.98 on PN100000536, the goods were returned. What is the process and how long does it take to reflect?",pending_merchant,PN100000536
TK-101331,MER-0010,2026-03-17 18:04:00,whatsapp,Fee does not match our agreement,Our finance team has reviewed the statement and the fee charged looks higher than the rate we agreed in the addendum. We understood the new rate applies from April. Please clarify.,pending_merchant,
TK-101332,MER-0010,2026-03-05 18:21:00,whatsapp,Transaction PN100008428 failed on checkout,"A customer tried to pay 268.43 and got an error on the checkout page, but they are telling me their wallet was debited. Transaction ref is PN100008428. Please reverse or confirm.",open,PN100008428
TK-101333,MER-0060,2026-04-07 14:17:00,portal,Request for fee breakdown,Our finance team has reviewed the statement and the fee charged looks higher than the rate we agreed in the addendum. We understood the new rate applies from April. Please clarify.,closed,PN100048863
TK-101334,MER-0041,2026-04-18 19:28:00,whatsapp,Query on fees charged this month,Our finance team has reviewed the statement and the fee charged looks higher than the rate we agreed in the addendum. We understood the new rate applies from April. Please clarify.,closed,PN100067006
TK-101335,MER-0051,2026-04-18 15:45:00,portal,Payment declined repeatedly,Customer says payment went through on their phone but our dashboard shows failed. PN100052793. They are in the shop now and refusing to pay again.,closed,PN100052793
TK-101336,MER-0035,2026-03-01 18:10:00,whatsapp,Where is our payout for 01 Mar?,"Hie, kindly confirm status of our settlement. Amount expected is around 2.71. Ref PN100081874.",pending_merchant,PN100081874
TK-101337,MER-0044,2026-04-16 13:56:00,portal,Request for fee breakdown,Our finance team has reviewed the statement and the fee charged looks higher than the rate we agreed in the addendum. We understood the new rate applies from April. Please clarify.,closed,
TK-101338,MER-0053,2026-04-12 08:18:00,whatsapp,Transaction PN100055621 failed on checkout,We are seeing a lot of declines this afternoon on mobile money. Ref PN100055621 is one example. Is there a problem on the rail side or is it us?,resolved,PN100055621
TK-101339,MER-0025,2026-04-19 15:27:00,whatsapp,Transaction n/a failed on checkout,We are seeing a lot of declines this afternoon on mobile money. Ref not recorded is one example. Is there a problem on the rail side or is it us?,closed,
TK-101340,MER-0003,2026-03-10 08:22:00,email,Payment declined repeatedly,"A customer tried to pay 57.42 and got an error on the checkout page, but they are telling me their wallet was debited. Transaction ref is PN100155823. Please reverse or confirm.",resolved,PN100155823
TK-101341,MER-0044,2026-03-13 14:08:00,portal,Transaction n/a failed on checkout,"A customer tried to pay n/a and got an error on the checkout page, but they are telling me their wallet was debited. Transaction ref is not recorded. Please reverse or confirm.",closed,
TK-101342,MER-0027,2026-04-07 15:08:00,whatsapp,API returning 401 after key rotation,"Question on statuses: if a payment sits at pending, how long before we can treat it as failed? Our checkout currently waits 30 seconds then gives up.",resolved,PN100032848
TK-101343,MER-0042,2026-03-02 16:13:00,whatsapp,Settlement not received for 02 Mar,Good morning team. We reconciled our till this morning and the payout for 02 Mar 2026 has still not hit our FCA account. Our records show 11.51 collected. Please advise when we should expect it.,open,PN100015737
TK-101344,MER-0050,2026-04-05 14:46:00,email,API returning 401 after key rotation,"We rotated our API key yesterday and now every request returns {""error"":""unauthorised""}. Nothing else changed on our side. Can you check whether the old key is still active?",closed,PN100049852
TK-101345,MER-0045,2026-04-19 13:06:00,email,Customer double charged,"We need to refund 31.75 on PN100067426, the goods were returned. What is the process and how long does it take to reflect?",closed,PN100067426
TK-101346,MER-0054,2026-03-04 09:25:00,phone,Transaction PN100079958 failed on checkout,"A customer tried to pay 4.21 and got an error on the checkout page, but they are telling me their wallet was debited. Transaction ref is PN100079958. Please reverse or confirm.",resolved,PN100079958
TK-101347,MER-0034,2026-03-19 12:54:00,email,Callback not firing on our staging environment,"We rotated our API key yesterday and now every request returns {""error"":""unauthorised""}. Nothing else changed on our side. Can you check whether the old key is still active?",resolved,
TK-101348,MER-0021,2026-04-09 06:39:00,email,Callback not firing on our staging environment,"Our callback endpoint is not receiving anything for successful payments, though the dashboard shows them as successful. We are on the v2 integration. Logs attached in the portal.",pending_merchant,PN100064166
TK-101349,MER-0052,2026-03-19 17:08:00,portal,Transaction PN100037518 failed on checkout,Customer says payment went through on their phone but our dashboard shows failed. PN100037518. They are in the shop now and refusing to pay again.,resolved,PN100037518
TK-101350,MER-0007,2026-03-28 17:34:00,email,Add a user to our portal,We are changing our settlement bank. What documents do you need from us?,resolved,PN100132144
TK-101351,MER-0046,2026-03-24 19:34:00,portal,Settlement not received for 24 Mar,"Hie, kindly confirm status of our settlement. Amount expected is around 74.96. Ref PN100144561.",resolved,PN100144561
TK-101352,MER-0060,2026-03-24 16:54:00,portal,Where is our payout for 24 Mar?,"Hie, kindly confirm status of our settlement. Amount expected is around 48.15. Ref PN100050326.",closed,PN100050326
TK-101353,MER-0001,2026-04-16 14:41:00,email,API returning 401 after key rotation,"We rotated our API key yesterday and now every request returns {""error"":""unauthorised""}. Nothing else changed on our side. Can you check whether the old key is still active?",closed,PN100064485
TK-101354,MER-0030,2026-04-05 18:12:00,email,Change of bank account details,Kindly send the statement for last month in Excel rather than PDF.,open,
TK-101355,MER-0003,2026-04-14 10:36:00,email,Customer payment failed but was debited,Customer says payment went through on their phone but our dashboard shows failed. PN100075668. They are in the shop now and refusing to pay again.,open,PN100075668
TK-101356,MER-0061,2026-04-25 16:49:00,email,Funds still not in our account,"Hie, kindly confirm status of our settlement. Amount expected is around 5.09. Ref PN100066384.",open,PN100066384
TK-101357,MER-0001,2026-03-24 09:32:00,email,Customer payment failed but was debited,Customer says payment went through on their phone but our dashboard shows failed. PN100116950. They are in the shop now and refusing to pay again.,closed,PN100116950
TK-101358,MER-0019,2026-04-04 09:40:00,portal,Customer payment failed but was debited,"A customer tried to pay n/a and got an error on the checkout page, but they are telling me their wallet was debited. Transaction ref is not recorded. Please reverse or confirm.",closed,
TK-101359,MER-0058,2026-03-08 11:22:00,whatsapp,Settlement not received for 08 Mar,"Good morning team. We reconciled our till this morning and the payout for 08 Mar 2026 has still not hit our FCA account. Our records show 2,560.98 collected. Please advise when we should expect it.",closed,PN100117471
TK-101360,MER-0019,2026-04-10 08:36:00,phone,Payment declined repeatedly,"A customer tried to pay 18.59 and got an error on the checkout page, but they are telling me their wallet was debited. Transaction ref is PN100045940. Please reverse or confirm.",open,PN100045940
TK-101361,MER-0058,2026-04-19 09:25:00,email,Payment declined repeatedly,Customer says payment went through on their phone but our dashboard shows failed. not recorded. They are in the shop now and refusing to pay again.,open,
TK-101362,MER-0044,2026-03-09 16:58:00,email,Query on fees charged this month,Our finance team has reviewed the statement and the fee charged looks higher than the rate we agreed in the addendum. We understood the new rate applies from April. Please clarify.,resolved,PN100093432
TK-101363,MER-0037,2026-04-26 19:38:00,email,Transaction PN100028034 failed on checkout,"A customer tried to pay 591.24 and got an error on the checkout page, but they are telling me their wallet was debited. Transaction ref is PN100028034. Please reverse or confirm.",resolved,PN100028034
TK-101364,MER-0003,2026-04-29 10:31:00,email,How do we handle the pending status?,"Our callback endpoint is not receiving anything for successful payments, though the dashboard shows them as successful. We are on the v2 integration. Logs attached in the portal.",resolved,PN100141905
TK-101365,MER-0055,2026-03-17 07:25:00,email,Customer payment failed but was debited,Customer says payment went through on their phone but our dashboard shows failed. not recorded. They are in the shop now and refusing to pay again.,closed,
TK-101366,MER-0008,2026-04-01 10:31:00,phone,Please reverse duplicate charge,"Customer was charged twice for the same order. Please reverse one of them. Ref PN100085919, amount 70.26. She has been calling since yesterday.",resolved,PN100085919
TK-101367,MER-0011,2026-03-22 18:48:00,portal,Funds still not in our account,Good morning team. We reconciled our till this morning and the payout for 22 Mar 2026 has still not hit our FCA account. Our records show 40.78 collected. Please advise when we should expect it.,closed,PN100122432
TK-101368,MER-0053,2026-03-15 14:47:00,email,Refund request for PN100064949,"We need to refund 19.40 on PN100064949, the goods were returned. What is the process and how long does it take to reflect?",resolved,PN100064949
TK-101369,MER-0042,2026-04-04 13:16:00,phone,Customer payment failed but was debited,Customer says payment went through on their phone but our dashboard shows failed. not recorded. They are in the shop now and refusing to pay again.,closed,
TK-101370,MER-0037,2026-04-22 19:16:00,portal,API returning 401 after key rotation,"Question on statuses: if a payment sits at pending, how long before we can treat it as failed? Our checkout currently waits 30 seconds then gives up.",resolved,
TK-101371,MER-0025,2026-03-02 10:30:00,email,Callback not firing on our staging environment,"Our callback endpoint is not receiving anything for successful payments, though the dashboard shows them as successful. We are on the v2 integration. Logs attached in the portal.",resolved,PN100076642
TK-101372,MER-0057,2026-03-17 14:26:00,portal,Callback not firing on our staging environment,"Our callback endpoint is not receiving anything for successful payments, though the dashboard shows them as successful. We are on the v2 integration. Logs attached in the portal.",pending_merchant,PN100062394
TK-101373,MER-0054,2026-03-10 07:27:00,email,Callback not firing on our staging environment,"Our callback endpoint is not receiving anything for successful payments, though the dashboard shows them as successful. We are on the v2 integration. Logs attached in the portal.",pending_merchant,
TK-101374,MER-0027,2026-03-29 17:49:00,email,Customer double charged,"Customer was charged twice for the same order. Please reverse one of them. Ref PN100014819, amount 423.58. She has been calling since yesterday.",resolved,PN100014819
TK-101375,MER-0026,2026-04-12 11:29:00,email,Add a user to our portal,We are changing our settlement bank. What documents do you need from us?,resolved,PN100064170
TK-101376,MER-0004,2026-04-21 19:48:00,email,Settlement not received for 21 Apr,"Hie, kindly confirm status of our settlement. Amount expected is around n/a. Ref not recorded.",closed,
TK-101377,MER-0008,2026-04-22 15:39:00,email,Where is our payout for 22 Apr?,"We have not received settlement for 22 Apr 2026. This is the second time this month. Can someone check the batch on your side and come back to me today, we have suppliers waiting.",resolved,PN100177409
TK-101378,MER-0007,2026-03-17 14:14:00,whatsapp,How do we handle the pending status?,"We rotated our API key yesterday and now every request returns {""error"":""unauthorised""}. Nothing else changed on our side. Can you check whether the old key is still active?",pending_merchant,
TK-101379,MER-0003,2026-04-15 14:12:00,portal,API returning 401 after key rotation,"Question on statuses: if a payment sits at pending, how long before we can treat it as failed? Our checkout currently waits 30 seconds then gives up.",open,
TK-101380,MER-0045,2026-04-02 06:51:00,email,Customer payment failed but was debited,"A customer tried to pay n/a and got an error on the checkout page, but they are telling me their wallet was debited. Transaction ref is not recorded. Please reverse or confirm.",resolved,
TK-101381,MER-0033,2026-03-13 14:09:00,email,Please reverse duplicate charge,"We need to refund 4.06 on PN100072493, the goods were returned. What is the process and how long does it take to reflect?",closed,PN100072493
TK-101382,MER-0012,2026-04-10 08:22:00,whatsapp,Refund request for PN100047288,"We need to refund 4.84 on PN100047288, the goods were returned. What is the process and how long does it take to reflect?",open,PN100047288
TK-101383,MER-0038,2026-04-23 06:26:00,portal,Fee does not match our agreement,Can you send a breakdown of fees for the period? We need it for our audit and the summary figure alone is not enough.,resolved,PN100024763
TK-101384,MER-0020,2026-03-19 12:36:00,portal,Please reverse duplicate charge,"Customer was charged twice for the same order. Please reverse one of them. Ref PN100168807, amount 6.90. She has been calling since yesterday.",pending_merchant,PN100168807
TK-101385,MER-0058,2026-04-17 11:04:00,portal,Callback not firing on our staging environment,"Our callback endpoint is not receiving anything for successful payments, though the dashboard shows them as successful. We are on the v2 integration. Logs attached in the portal.",closed,PN100071721
TK-101386,MER-0047,2026-04-18 11:43:00,portal,Customer payment failed but was debited,"A customer tried to pay n/a and got an error on the checkout page, but they are telling me their wallet was debited. Transaction ref is not recorded. Please reverse or confirm.",closed,
TK-101387,MER-0003,2026-03-23 12:16:00,email,Transaction n/a failed on checkout,We are seeing a lot of declines this afternoon on mobile money. Ref not recorded is one example. Is there a problem on the rail side or is it us?,resolved,
TK-101388,MER-0019,2026-03-03 17:06:00,portal,Refund request for PN100074363,"We need to refund 35.71 on PN100074363, the goods were returned. What is the process and how long does it take to reflect?",closed,PN100074363
TK-101389,MER-0048,2026-04-20 15:00:00,whatsapp,Payment declined repeatedly,Customer says payment went through on their phone but our dashboard shows failed. PN100048783. They are in the shop now and refusing to pay again.,closed,PN100048783
TK-101390,MER-0058,2026-04-05 13:36:00,email,Customer payment failed but was debited,Customer says payment went through on their phone but our dashboard shows failed. PN100169038. They are in the shop now and refusing to pay again.,resolved,PN100169038
TK-101391,MER-0049,2026-04-07 19:30:00,whatsapp,Where is our payout for 07 Apr?,Good morning team. We reconciled our till this morning and the payout for 07 Apr 2026 has still not hit our FCA account. Our records show 2.14 collected. Please advise when we should expect it.,resolved,PN100042748
TK-101392,MER-0016,2026-03-14 10:47:00,whatsapp,Callback not firing on our staging environment,"Question on statuses: if a payment sits at pending, how long before we can treat it as failed? Our checkout currently waits 30 seconds then gives up.",pending_merchant,
TK-101393,MER-0030,2026-04-12 11:16:00,whatsapp,Where is our payout for 12 Apr?,"We have not received settlement for 12 Apr 2026. This is the second time this month. Can someone check the batch on your side and come back to me today, we have suppliers waiting.",pending_merchant,PN100085606
TK-101394,MER-0031,2026-04-07 13:20:00,portal,Callback not firing on our staging environment,"We rotated our API key yesterday and now every request returns {""error"":""unauthorised""}. Nothing else changed on our side. Can you check whether the old key is still active?",open,
TK-101395,MER-0007,2026-03-29 07:48:00,whatsapp,How do we handle the pending status?,"Question on statuses: if a payment sits at pending, how long before we can treat it as failed? Our checkout currently waits 30 seconds then gives up.",closed,PN100016530
TK-101396,MER-0036,2026-04-28 19:58:00,email,API returning 401 after key rotation,"Our callback endpoint is not receiving anything for successful payments, though the dashboard shows them as successful. We are on the v2 integration. Logs attached in the portal.",open,PN100157488
TK-101397,MER-0056,2026-04-10 09:40:00,phone,Request for fee breakdown,Can you send a breakdown of fees for the period? We need it for our audit and the summary figure alone is not enough.,closed,PN100177854
TK-101398,MER-0010,2026-03-05 09:01:00,whatsapp,Fee does not match our agreement,Can you send a breakdown of fees for the period? We need it for our audit and the summary figure alone is not enough.,open,PN100156116
TK-101399,MER-0027,2026-03-03 06:52:00,email,Funds still not in our account,Good morning team. We reconciled our till this morning and the payout for 03 Mar 2026 has still not hit our FCA account. Our records show 58.82 collected. Please advise when we should expect it.,resolved,PN100077536
TK-101400,MER-0061,2026-03-20 18:34:00,email,Settlement not received for 20 Mar,"Hie, kindly confirm status of our settlement. Amount expected is around n/a. Ref not recorded.",pending_merchant,
TK-101401,MER-0005,2026-03-22 19:37:00,email,Refund request for PN100104188,"Customer was charged twice for the same order. Please reverse one of them. Ref PN100104188, amount 61.35. She has been calling since yesterday.",pending_merchant,PN100104188
TK-101402,MER-0041,2026-04-17 10:25:00,whatsapp,Suspicious transaction pattern,"We had a series of small payments overnight from what looks like the same payer, all just under our review threshold. One ref is PN100017616. Can you block that payer and advise on next steps?",closed,PN100017616
TK-101403,MER-0040,2026-03-27 17:49:00,email,Suspicious transaction pattern,"We had a series of small payments overnight from what looks like the same payer, all just under our review threshold. One ref is PN100159316. Can you block that payer and advise on next steps?",closed,PN100159316
TK-101404,MER-0034,2026-04-04 11:06:00,email,Please reverse duplicate charge,"We need to refund 5.74 on PN100163399, the goods were returned. What is the process and how long does it take to reflect?",resolved,PN100163399
TK-101405,MER-0052,2026-04-04 07:35:00,portal,Payment declined repeatedly,We are seeing a lot of declines this afternoon on mobile money. Ref PN100010419 is one example. Is there a problem on the rail side or is it us?,resolved,PN100010419
TK-101406,MER-0045,2026-03-31 16:58:00,phone,Suspicious transaction pattern,"We had a series of small payments overnight from what looks like the same payer, all just under our review threshold. One ref is not recorded. Can you block that payer and advise on next steps?",closed,
TK-101407,MER-0059,2026-03-29 12:13:00,email,Payment declined repeatedly,We are seeing a lot of declines this afternoon on mobile money. Ref not recorded is one example. Is there a problem on the rail side or is it us?,closed,
TK-101408,MER-0016,2026-03-24 17:21:00,whatsapp,API returning 401 after key rotation,"Question on statuses: if a payment sits at pending, how long before we can treat it as failed? Our checkout currently waits 30 seconds then gives up.",pending_merchant,PN100155988
TK-101409,MER-0057,2026-03-31 18:37:00,email,Transaction PN100124867 failed on checkout,Customer says payment went through on their phone but our dashboard shows failed. PN100124867. They are in the shop now and refusing to pay again.,resolved,PN100124867
TK-101410,MER-0012,2026-04-16 14:37:00,email,Payment declined repeatedly,Customer says payment went through on their phone but our dashboard shows failed. PN100040012. They are in the shop now and refusing to pay again.,closed,PN100040012
TK-101411,MER-0022,2026-04-24 17:18:00,phone,Please reverse duplicate charge,"Customer was charged twice for the same order. Please reverse one of them. Ref PN100118577, amount 16.41. She has been calling since yesterday.",closed,PN100118577
TK-101412,MER-0012,2026-03-19 11:12:00,email,Query on fees charged this month,Can you send a breakdown of fees for the period? We need it for our audit and the summary figure alone is not enough.,resolved,PN100036193
TK-101413,MER-0054,2026-04-05 10:42:00,email,Payment declined repeatedly,"A customer tried to pay 3.17 and got an error on the checkout page, but they are telling me their wallet was debited. Transaction ref is PN100128196. Please reverse or confirm.",closed,PN100128196
TK-101414,MER-0057,2026-03-08 14:22:00,email,Request for fee breakdown,Our finance team has reviewed the statement and the fee charged looks higher than the rate we agreed in the addendum. We understood the new rate applies from April. Please clarify.,open,PN100030962
TK-101415,MER-0024,2026-03-21 10:57:00,email,Customer payment failed but was debited,Customer says payment went through on their phone but our dashboard shows failed. not recorded. They are in the shop now and refusing to pay again.,pending_merchant,
TK-101416,MER-0002,2026-03-02 18:08:00,email,Possible fraudulent payments overnight,"We had a series of small payments overnight from what looks like the same payer, all just under our review threshold. One ref is PN100006700. Can you block that payer and advise on next steps?",closed,PN100006700
TK-101417,MER-0018,2026-04-09 08:10:00,email,Funds still not in our account,Good morning team. We reconciled our till this morning and the payout for 09 Apr 2026 has still not hit our FCA account. Our records show n/a collected. Please advise when we should expect it.,pending_merchant,
TK-101418,MER-0044,2026-03-18 07:55:00,whatsapp,Customer payment failed but was debited,Customer says payment went through on their phone but our dashboard shows failed. PN100118035. They are in the shop now and refusing to pay again.,resolved,PN100118035
TK-101419,MER-0028,2026-04-08 14:03:00,email,Transaction PN100173328 failed on checkout,"A customer tried to pay 293.35 and got an error on the checkout page, but they are telling me their wallet was debited. Transaction ref is PN100173328. Please reverse or confirm.",open,PN100173328
TK-101420,MER-0003,2026-03-21 15:26:00,whatsapp,Customer payment failed but was debited,"A customer tried to pay n/a and got an error on the checkout page, but they are telling me their wallet was debited. Transaction ref is not recorded. Please reverse or confirm.",resolved,
TK-101421,MER-0016,2026-03-08 07:47:00,whatsapp,How do we handle the pending status?,"Question on statuses: if a payment sits at pending, how long before we can treat it as failed? Our checkout currently waits 30 seconds then gives up.",resolved,PN100075549
TK-101422,MER-0036,2026-04-18 10:23:00,email,Callback not firing on our staging environment,"Question on statuses: if a payment sits at pending, how long before we can treat it as failed? Our checkout currently waits 30 seconds then gives up.",closed,
TK-101423,MER-0011,2026-04-29 17:59:00,whatsapp,Refund request for PN100013022,"We need to refund 22.67 on PN100013022, the goods were returned. What is the process and how long does it take to reflect?",closed,PN100013022
TK-101424,MER-0006,2026-04-16 07:23:00,whatsapp,Refund request for PN100040289,"Customer was charged twice for the same order. Please reverse one of them. Ref PN100040289, amount 11.51. She has been calling since yesterday.",resolved,PN100040289
TK-101425,MER-0023,2026-03-06 16:51:00,portal,Customer payment failed but was debited,We are seeing a lot of declines this afternoon on mobile money. Ref PN100132448 is one example. Is there a problem on the rail side or is it us?,open,PN100132448
TK-101426,MER-0059,2026-03-09 17:45:00,portal,Customer double charged,"Customer was charged twice for the same order. Please reverse one of them. Ref PN100084465, amount 3.73. She has been calling since yesterday.",closed,PN100084465
TK-101427,MER-0058,2026-04-20 08:21:00,whatsapp,Query on fees charged this month,Our finance team has reviewed the statement and the fee charged looks higher than the rate we agreed in the addendum. We understood the new rate applies from April. Please clarify.,pending_merchant,PN100021912
TK-101428,MER-0012,2026-04-27 19:47:00,whatsapp,Please reverse duplicate charge,"Customer was charged twice for the same order. Please reverse one of them. Ref not recorded, amount n/a. She has been calling since yesterday.",resolved,
TK-101429,MER-0013,2026-04-27 09:18:00,whatsapp,Funds still not in our account,"Good morning team. We reconciled our till this morning and the payout for 27 Apr 2026 has still not hit our FCA account. Our records show 5.61 collected. Please advise when we should expect it.
Sent from my mobile device",pending_merchant,PN100148851
TK-101430,MER-0031,2026-03-25 07:43:00,whatsapp,Funds still not in our account,"Hie, kindly confirm status of our settlement. Amount expected is around 158.33. Ref PN100069733.",open,PN100069733
TK-101431,MER-0021,2026-04-02 08:01:00,whatsapp,Transaction PN100027918 failed on checkout,We are seeing a lot of declines this afternoon on mobile money. Ref PN100027918 is one example. Is there a problem on the rail side or is it us?,resolved,PN100027918
TK-101432,MER-0021,2026-03-16 14:59:00,email,Payment declined repeatedly,We are seeing a lot of declines this afternoon on mobile money. Ref PN100150004 is one example. Is there a problem on the rail side or is it us?,open,PN100150004
TK-101433,MER-0038,2026-04-13 13:49:00,email,Funds still not in our account,"Hie, kindly confirm status of our settlement. Amount expected is around 4.19. Ref PN100087788.",pending_merchant,PN100087788
TK-101434,MER-0012,2026-03-11 07:47:00,whatsapp,Request for fee breakdown,Our finance team has reviewed the statement and the fee charged looks higher than the rate we agreed in the addendum. We understood the new rate applies from April. Please clarify.,resolved,PN100014200
TK-101435,MER-0027,2026-04-06 12:52:00,email,Customer payment failed but was debited,Customer says payment went through on their phone but our dashboard shows failed. not recorded. They are in the shop now and refusing to pay again.,closed,
TK-101436,MER-0047,2026-04-22 14:23:00,email,Transaction n/a failed on checkout,Customer says payment went through on their phone but our dashboard shows failed. not recorded. They are in the shop now and refusing to pay again.,resolved,
TK-101437,MER-0055,2026-03-21 07:06:00,portal,Refund request for PN100010378,"Customer was charged twice for the same order. Please reverse one of them. Ref PN100010378, amount 1.42. She has been calling since yesterday.",resolved,PN100010378
TK-101438,MER-0038,2026-04-28 07:17:00,email,Where is our payout for 28 Apr?,"Hie, kindly confirm status of our settlement. Amount expected is around 11.14. Ref PN100173756.",pending_merchant,PN100173756
TK-101439,MER-0023,2026-03-28 06:43:00,email,Request for fee breakdown,Our finance team has reviewed the statement and the fee charged looks higher than the rate we agreed in the addendum. We understood the new rate applies from April. Please clarify.,closed,PN100042254
TK-101440,MER-0049,2026-04-18 17:23:00,email,Where is our payout for 18 Apr?,"Hie, kindly confirm status of our settlement. Amount expected is around 2.48. Ref PN100075204.",closed,PN100075204
TK-101441,MER-0021,2026-04-26 17:15:00,email,Transaction PN100163052 failed on checkout,"A customer tried to pay 12.96 and got an error on the checkout page, but they are telling me their wallet was debited. Transaction ref is PN100163052. Please reverse or confirm.",open,PN100163052
TK-101442,MER-0010,2026-03-12 12:46:00,email,Query on fees charged this month,Can you send a breakdown of fees for the period? We need it for our audit and the summary figure alone is not enough.,open,PN100070390
TK-101443,MER-0048,2026-03-09 13:01:00,email,How do we handle the pending status?,"Question on statuses: if a payment sits at pending, how long before we can treat it as failed? Our checkout currently waits 30 seconds then gives up.",resolved,
TK-101444,MER-0004,2026-03-05 19:04:00,email,API returning 401 after key rotation,"Our callback endpoint is not receiving anything for successful payments, though the dashboard shows them as successful. We are on the v2 integration. Logs attached in the portal.",pending_merchant,PN100090766
TK-101445,MER-0033,2026-03-25 13:57:00,email,API returning 401 after key rotation,"Our callback endpoint is not receiving anything for successful payments, though the dashboard shows them as successful. We are on the v2 integration. Logs attached in the portal.",closed,
TK-101446,MER-0004,2026-03-16 08:14:00,email,Where is our payout for 16 Mar?,"Hie, kindly confirm status of our settlement. Amount expected is around 75.20. Ref PN100115985.",pending_merchant,PN100115985
TK-101447,MER-0061,2026-03-28 15:45:00,whatsapp,Refund request for n/a,"We need to refund n/a on not recorded, the goods were returned. What is the process and how long does it take to reflect?",resolved,
TK-101448,MER-0006,2026-04-14 15:42:00,portal,Query on fees charged this month,Our finance team has reviewed the statement and the fee charged looks higher than the rate we agreed in the addendum. We understood the new rate applies from April. Please clarify.,open,PN100113189
TK-101449,MER-0049,2026-03-16 17:16:00,email,Customer payment failed but was debited,"A customer tried to pay 3.63 and got an error on the checkout page, but they are telling me their wallet was debited. Transaction ref is PN100085327. Please reverse or confirm.",resolved,PN100085327
TK-101450,MER-0056,2026-04-12 12:49:00,email,Customer payment failed but was debited,"A customer tried to pay n/a and got an error on the checkout page, but they are telling me their wallet was debited. Transaction ref is not recorded. Please reverse or confirm.",closed,
